video_id,video_path,total_frames,sampling_freq,target_frames,actual_frames,fps,duration,detected_frames,success,error
video_0000,data/mafw_sample/videos/04814.mp4,142.0,3.0,50.0,47.0,25.0,5.68,48.0,True,
video_0001,data/mafw_sample/videos/01306.mp4,56.0,2.0,50.0,28.0,30.0,1.8666666666666667,28.0,True,
video_0002,data/mafw_sample/videos/04666.mp4,66.0,2.0,50.0,33.0,30.0,2.2,33.0,True,
video_0003,data/mafw_sample/videos/05035.mp4,207.0,5.0,50.0,41.0,29.97002997002997,6.9069,42.0,True,
video_0004,data/mafw_sample/videos/03590.mp4,48.0,2.0,40.0,24.0,23.976,2.002002002002002,24.0,True,
video_0005,data/mafw_sample/videos/07616.mp4,62.0,2.0,50.0,31.0,25.0,2.48,8.0,True,
video_0006,data/mafw_sample/videos/15305.mp4,68.0,2.0,50.0,34.0,25.0,2.72,25.0,True,
video_0007,data/mafw_sample/videos/07213.mp4,133.0,3.0,50.0,44.0,29.968310057703512,4.438021354688021,40.0,True,
video_0008,data/mafw_sample/videos/04171.mp4,55.0,2.0,50.0,27.0,23.976023976023978,2.2939583333333333,28.0,True,
video_0009,data/mafw_sample/videos/15509.mp4,58.0,2.0,50.0,29.0,30.0,1.9333333333333333,29.0,True,
video_0010,data/mafw_sample/videos/07447.mp4,156.0,4.0,50.0,39.0,25.0,6.24,39.0,True,
video_0011,data/mafw_sample/videos/04227.mp4,95.0,2.0,50.0,47.0,23.976023976023978,3.9622916666666663,48.0,True,
video_0012,data/mafw_sample/videos/04231.mp4,,,,,,,,False,list index out of range
video_0013,data/mafw_sample/videos/03864.mp4,83.0,2.0,50.0,41.0,23.976023976023978,3.4617916666666666,26.0,True,
video_0014,data/mafw_sample/videos/15207.mp4,87.0,2.0,50.0,43.0,25.0,3.48,44.0,True,
video_0015,data/mafw_sample/videos/03652.mp4,51.0,2.0,50.0,25.0,23.976,2.1271271271271273,26.0,True,
video_0016,data/mafw_sample/videos/04481.mp4,135.0,3.0,50.0,45.0,30.0,4.5,44.0,True,
video_0017,data/mafw_sample/videos/09536.mp4,55.0,2.0,50.0,27.0,25.0,2.2,25.0,True,
video_0018,data/mafw_sample/videos/08145.mp4,150.0,3.0,50.0,50.0,29.97002997002997,5.005,7.0,True,
video_0019,data/mafw_sample/videos/09283.mp4,97.0,2.0,50.0,48.0,29.966138384228838,3.2369869869869867,13.0,True,
video_0020,data/mafw_sample/videos/04817.mp4,156.0,4.0,50.0,39.0,30.0,5.2,36.0,True,
video_0021,data/mafw_sample/videos/00840.mp4,67.0,2.0,50.0,33.0,25.0,2.68,32.0,True,
video_0022,data/mafw_sample/videos/04168.mp4,70.0,2.0,50.0,35.0,23.0,3.0434782608695654,35.0,True,
video_0023,data/mafw_sample/videos/01543.mp4,65.0,2.0,50.0,32.0,25.0,2.6,33.0,True,
video_0024,data/mafw_sample/videos/04181.mp4,64.0,2.0,50.0,32.0,23.976023976023978,2.6693333333333333,32.0,True,
video_0025,data/mafw_sample/videos/03675.mp4,,,,,,,,False,list index out of range
video_0026,data/mafw_sample/videos/08882.mp4,58.0,2.0,50.0,29.0,30.0,1.9333333333333333,29.0,True,
video_0027,data/mafw_sample/videos/05175.mp4,172.0,4.0,50.0,43.0,25.0,6.88,43.0,True,
video_0028,data/mafw_sample/videos/08078.mp4,176.0,4.0,50.0,44.0,29.97002997002997,5.872533333333333,40.0,True,
video_0029,data/mafw_sample/videos/02058.mp4,47.0,2.0,40.0,23.0,23.976,1.9602936269602937,2.0,True,
video_0030,data/mafw_sample/videos/05225.mp4,222.0,5.0,50.0,44.0,29.97002997002997,7.4074,45.0,True,
video_0031,data/mafw_sample/videos/04474.mp4,70.0,2.0,50.0,35.0,30.0,2.3333333333333335,28.0,True,
video_0032,data/mafw_sample/videos/15360.mp4,84.0,2.0,50.0,42.0,24.0,3.5,31.0,True,
video_0033,data/mafw_sample/videos/06894.mp4,81.0,2.0,50.0,40.0,25.0,3.24,41.0,True,
video_0034,data/mafw_sample/videos/07766.mp4,170.0,4.0,50.0,42.0,29.96647453240795,5.673006339673007,25.0,True,
video_0035,data/mafw_sample/videos/00976.mp4,190.0,4.0,50.0,47.0,23.976023976023978,7.924583333333333,48.0,True,
video_0036,data/mafw_sample/videos/02612.mp4,194.0,4.0,50.0,48.0,23.97425852808676,8.09201251303441,49.0,True,
video_0037,data/mafw_sample/videos/03747.mp4,104.0,3.0,50.0,34.0,50.0,2.08,35.0,True,
video_0038,data/mafw_sample/videos/10184.mp4,67.0,2.0,50.0,33.0,23.976023976023978,2.794458333333333,5.0,True,
video_0039,data/mafw_sample/videos/05436.mp4,155.0,4.0,50.0,38.0,25.0,6.2,39.0,True,
video_0040,data/mafw_sample/videos/03309.mp4,108.0,3.0,50.0,36.0,23.976023976023978,4.504499999999999,36.0,True,
video_0041,data/mafw_sample/videos/07601.mp4,50.0,1.0,50.0,50.0,22.999101597593842,2.173997961956522,10.0,True,
video_0042,data/mafw_sample/videos/09200.mp4,121.0,3.0,50.0,40.0,25.0,4.84,41.0,True,
video_0043,data/mafw_sample/videos/09902.mp4,31.0,2.0,30.0,15.0,23.975226605593367,1.2930013346680014,16.0,True,
video_0044,data/mafw_sample/videos/04088.mp4,88.0,2.0,50.0,44.0,30.0,2.933333333333333,42.0,True,
video_0045,data/mafw_sample/videos/08551.mp4,84.0,2.0,50.0,42.0,29.968216177608475,2.8029696363029695,9.0,True,
video_0046,data/mafw_sample/videos/10301.mp4,72.0,2.0,50.0,36.0,23.976,3.0030030030030033,35.0,True,
video_0047,data/mafw_sample/videos/04673.mp4,66.0,2.0,50.0,33.0,25.0,2.64,1.0,True,
video_0048,data/mafw_sample/videos/07704.mp4,65.0,2.0,50.0,32.0,24.0,2.7083333333333335,30.0,True,
video_0049,data/mafw_sample/videos/07795.mp4,91.0,2.0,50.0,45.0,25.0,3.64,45.0,True,
video_0050,data/mafw_sample/videos/08036.mp4,184.0,4.0,50.0,46.0,29.96755699263647,6.139973306639973,42.0,True,
video_0051,data/mafw_sample/videos/04108.mp4,53.0,2.0,50.0,26.0,24.0,2.2083333333333335,23.0,True,
video_0052,data/mafw_sample/videos/10719.mp4,48.0,2.0,40.0,24.0,23.976,2.002002002002002,19.0,True,
video_0053,data/mafw_sample/videos/09603.mp4,86.0,2.0,50.0,43.0,25.0,3.44,35.0,True,
video_0054,data/mafw_sample/videos/15130.mp4,112.0,3.0,50.0,37.0,30.0,3.7333333333333334,4.0,True,
video_0055,data/mafw_sample/videos/04015.mp4,63.0,2.0,50.0,31.0,23.972575346379088,2.6280030030030033,29.0,True,
video_0056,data/mafw_sample/videos/09576.mp4,135.0,3.0,50.0,45.0,25.0,5.4,41.0,True,
video_0057,data/mafw_sample/videos/07438.mp4,83.0,2.0,50.0,41.0,29.96368235612973,2.77002002002002,42.0,True,
video_0058,data/mafw_sample/videos/05148.mp4,97.0,2.0,50.0,48.0,25.0,3.88,48.0,True,
video_0059,data/mafw_sample/videos/15161.mp4,,,,,,,,False,list index out of range
video_0060,data/mafw_sample/videos/03945.mp4,76.0,2.0,50.0,38.0,29.97,2.5358692025358693,38.0,True,
video_0061,data/mafw_sample/videos/08797.mp4,201.0,5.0,50.0,40.0,30.0,6.7,41.0,True,
video_0062,data/mafw_sample/videos/03756.mp4,,,,,,,,False,list index out of range
video_0063,data/mafw_sample/videos/03016.mp4,53.0,2.0,50.0,26.0,23.976023976023978,2.2105416666666664,24.0,True,
video_0064,data/mafw_sample/videos/09464.mp4,62.0,2.0,50.0,31.0,29.96637503527799,2.0689856523189856,23.0,True,
video_0065,data/mafw_sample/videos/08087.mp4,112.0,3.0,50.0,37.0,30.0,3.7333333333333334,29.0,True,
video_0066,data/mafw_sample/videos/07862.mp4,80.0,2.0,50.0,40.0,29.962509372656836,2.6700033366700033,36.0,True,
video_0067,data/mafw_sample/videos/09525.mp4,64.0,2.0,50.0,32.0,23.97000749812547,2.6700033366700033,32.0,True,
video_0068,data/mafw_sample/videos/02737.mp4,206.0,5.0,50.0,41.0,23.976023976023978,8.591916666666666,42.0,True,
video_0069,data/mafw_sample/videos/05328.mp4,73.0,2.0,50.0,36.0,30.0,2.433333333333333,37.0,True,
video_0070,data/mafw_sample/videos/15609.mp4,106.0,3.0,50.0,35.0,30.0,3.533333333333333,30.0,True,
video_0071,data/mafw_sample/videos/03491.mp4,,,,,,,,False,list index out of range
video_0072,data/mafw_sample/videos/03966.mp4,106.0,3.0,50.0,35.0,23.976023976023978,4.421083333333333,36.0,True,
video_0073,data/mafw_sample/videos/03929.mp4,53.0,2.0,50.0,26.0,24.0,2.2083333333333335,27.0,True,
video_0074,data/mafw_sample/videos/09085.mp4,178.0,4.0,50.0,44.0,30.0,5.933333333333334,4.0,True,
video_0075,data/mafw_sample/videos/06848.mp4,83.0,2.0,50.0,41.0,30.0,2.7666666666666666,42.0,True,
video_0076,data/mafw_sample/videos/02861.mp4,62.0,2.0,50.0,31.0,25.0,2.48,31.0,True,
video_0077,data/mafw_sample/videos/01421.mp4,68.0,2.0,50.0,34.0,30.0,2.2666666666666666,34.0,True,
video_0078,data/mafw_sample/videos/01493.mp4,52.0,2.0,50.0,26.0,25.0,2.08,26.0,True,
video_0079,data/mafw_sample/videos/10604.mp4,125.0,3.0,50.0,41.0,25.0,5.0,1.0,True,
video_0080,data/mafw_sample/videos/08951.mp4,67.0,2.0,50.0,33.0,30.0,2.2333333333333334,34.0,True,
video_0081,data/mafw_sample/videos/02303.mp4,55.0,2.0,50.0,27.0,25.0,2.2,19.0,True,
video_0082,data/mafw_sample/videos/00944.mp4,153.0,4.0,50.0,38.0,23.976023976023978,6.381374999999999,33.0,True,
video_0083,data/mafw_sample/videos/07165.mp4,65.0,2.0,50.0,32.0,25.0,2.6,33.0,True,
video_0084,data/mafw_sample/videos/10679.mp4,146.0,3.0,50.0,48.0,23.976023976023978,6.089416666666666,48.0,True,
video_0085,data/mafw_sample/videos/07391.mp4,103.0,3.0,50.0,34.0,30.0,3.433333333333333,35.0,True,
video_0086,data/mafw_sample/videos/01697.mp4,,,,,,,,False,list index out of range
video_0087,data/mafw_sample/videos/01883.mp4,,,,,,,,False,list index out of range
video_0088,data/mafw_sample/videos/06871.mp4,72.0,2.0,50.0,36.0,29.97002997002997,2.4024,36.0,True,
video_0089,data/mafw_sample/videos/03431.mp4,82.0,2.0,50.0,41.0,23.976023976023978,3.420083333333333,41.0,True,
video_0090,data/mafw_sample/videos/06873.mp4,123.0,3.0,50.0,41.0,29.963300888012842,4.105021688355022,6.0,True,
video_0091,data/mafw_sample/videos/01750.mp4,134.0,3.0,50.0,44.0,23.97564215459471,5.589005672339005,45.0,True,
video_0092,data/mafw_sample/videos/01224.mp4,53.0,2.0,50.0,26.0,23.976023976023978,2.2105416666666664,27.0,True,
video_0093,data/mafw_sample/videos/10179.mp4,96.0,2.0,50.0,48.0,23.976,4.004004004004004,48.0,True,
video_0094,data/mafw_sample/videos/02416.mp4,72.0,2.0,50.0,36.0,23.976023976023978,3.0029999999999997,36.0,True,
video_0095,data/mafw_sample/videos/09420.mp4,267.0,6.0,50.0,44.0,29.969719384649956,8.908992325658993,21.0,True,
video_0096,data/mafw_sample/videos/02667.mp4,274.0,6.0,50.0,45.0,23.976023976023978,11.428083333333333,44.0,True,
video_0097,data/mafw_sample/videos/00515.mp4,47.0,2.0,40.0,23.0,23.967330965395494,1.9610026693360028,24.0,True,
video_0098,data/mafw_sample/videos/01248.mp4,69.0,2.0,50.0,34.0,23.976023976023978,2.877875,35.0,True,
video_0099,data/mafw_sample/videos/07027.mp4,264.0,6.0,50.0,44.0,29.97002997002997,8.8088,44.0,True,
video_0100,data/mafw_sample/videos/04670.mp4,123.0,3.0,50.0,41.0,24.0,5.125,39.0,True,
video_0101,data/mafw_sample/videos/05932.mp4,211.0,5.0,50.0,42.0,29.97002997002997,7.040366666666666,35.0,True,
video_0102,data/mafw_sample/videos/08446.mp4,68.0,2.0,50.0,34.0,30.0,2.2666666666666666,27.0,True,
video_0103,data/mafw_sample/videos/07915.mp4,76.0,2.0,50.0,38.0,25.0,3.04,38.0,True,
video_0104,data/mafw_sample/videos/02049.mp4,67.0,2.0,50.0,33.0,23.976,2.7944611277944613,25.0,True,
video_0105,data/mafw_sample/videos/03922.mp4,,,,,,,,False,list index out of range
video_0106,data/mafw_sample/videos/10169.mp4,,,,,,,,False,list index out of range
video_0107,data/mafw_sample/videos/15248.mp4,77.0,2.0,50.0,38.0,25.0,3.08,33.0,True,
video_0108,data/mafw_sample/videos/00732.mp4,88.0,2.0,50.0,44.0,25.0,3.52,44.0,True,
video_0109,data/mafw_sample/videos/05123.mp4,62.0,2.0,50.0,31.0,25.0,2.48,31.0,True,
video_0110,data/mafw_sample/videos/10377.mp4,43.0,2.0,40.0,21.0,23.976023976023978,1.7934583333333332,19.0,True,
video_0111,data/mafw_sample/videos/00555.mp4,282.0,6.0,50.0,47.0,23.976023976023978,11.76175,47.0,True,
video_0112,data/mafw_sample/videos/08685.mp4,86.0,2.0,50.0,43.0,28.99539044937442,2.9659886853448274,43.0,True,
video_0113,data/mafw_sample/videos/02463.mp4,86.0,2.0,50.0,43.0,25.0,3.44,43.0,True,
video_0114,data/mafw_sample/videos/11201.mp4,72.0,2.0,50.0,36.0,23.976,3.0030030030030033,35.0,True,
video_0115,data/mafw_sample/videos/07449.mp4,51.0,2.0,50.0,25.0,25.0,2.04,26.0,True,
video_0116,data/mafw_sample/videos/09703.mp4,,,,,,,,False,list index out of range
video_0117,data/mafw_sample/videos/07537.mp4,121.0,3.0,50.0,40.0,29.97002997002997,4.037366666666666,41.0,True,
video_0118,data/mafw_sample/videos/04042.mp4,62.0,2.0,50.0,31.0,23.976023976023978,2.5859166666666664,31.0,True,
video_0119,data/mafw_sample/videos/07040.mp4,73.0,2.0,50.0,36.0,29.97002997002997,2.435766666666667,37.0,True,
video_0120,data/mafw_sample/videos/03246.mp4,,,,,,,,False,list index out of range
video_0121,data/mafw_sample/videos/15089.mp4,77.0,2.0,50.0,38.0,30.0,2.566666666666667,39.0,True,
video_0122,data/mafw_sample/videos/07736.mp4,50.0,1.0,50.0,50.0,25.0,2.0,42.0,True,
video_0123,data/mafw_sample/videos/03437.mp4,77.0,2.0,50.0,38.0,23.995130858186243,3.208984375,39.0,True,
video_0124,data/mafw_sample/videos/00245.mp4,190.0,4.0,50.0,47.0,30.0,6.333333333333333,48.0,True,
video_0125,data/mafw_sample/videos/01274.mp4,53.0,2.0,50.0,26.0,23.976023976023978,2.2105416666666664,26.0,True,
video_0126,data/mafw_sample/videos/00458.mp4,43.0,2.0,40.0,21.0,30.0,1.4333333333333333,22.0,True,
video_0127,data/mafw_sample/videos/01567.mp4,79.0,2.0,50.0,39.0,23.976023976023978,3.294958333333333,40.0,True,
video_0128,data/mafw_sample/videos/00878.mp4,67.0,2.0,50.0,33.0,25.37313432835821,2.68,34.0,True,
video_0129,data/mafw_sample/videos/04957.mp4,96.0,2.0,50.0,48.0,25.0,3.84,48.0,True,
video_0130,data/mafw_sample/videos/03308.mp4,95.0,2.0,50.0,47.0,23.976023976023978,3.9622916666666663,48.0,True,
video_0131,data/mafw_sample/videos/10920.mp4,136.0,3.0,50.0,45.0,30.0,4.533333333333333,46.0,True,
video_0132,data/mafw_sample/videos/04915.mp4,172.0,4.0,50.0,43.0,30.0,5.733333333333333,42.0,True,
video_0133,data/mafw_sample/videos/10755.mp4,72.0,2.0,50.0,36.0,23.976,3.0030030030030033,36.0,True,
video_0134,data/mafw_sample/videos/15577.mp4,,,,,,,,False,list index out of range
video_0135,data/mafw_sample/videos/07345.mp4,85.0,2.0,50.0,42.0,25.0,3.4,1.0,True,
video_0136,data/mafw_sample/videos/00367.mp4,279.0,6.0,50.0,46.0,30.0,9.3,47.0,True,
video_0137,data/mafw_sample/videos/09618.mp4,26.0,2.0,20.0,13.0,23.96309679403398,1.0850016683350017,8.0,True,
video_0138,data/mafw_sample/videos/05047.mp4,63.0,2.0,50.0,31.0,29.97002997002997,2.1021,32.0,True,
video_0139,data/mafw_sample/videos/03534.mp4,74.0,2.0,50.0,37.0,24.0,3.0833333333333335,2.0,True,
video_0140,data/mafw_sample/videos/15252.mp4,83.0,2.0,50.0,41.0,25.0,3.32,21.0,True,
video_0141,data/mafw_sample/videos/07336.mp4,49.0,2.0,40.0,24.0,25.0,1.96,25.0,True,
video_0142,data/mafw_sample/videos/00764.mp4,78.0,2.0,50.0,39.0,24.0,3.25,10.0,True,
video_0143,data/mafw_sample/videos/03836.mp4,102.0,3.0,50.0,34.0,23.97176968770217,4.255005005005005,34.0,True,
video_0144,data/mafw_sample/videos/05378.mp4,292.0,6.0,50.0,48.0,29.917,9.760336932179028,49.0,True,
video_0145,data/mafw_sample/videos/03531.mp4,79.0,2.0,50.0,39.0,24.0,3.2916666666666665,22.0,True,
video_0146,data/mafw_sample/videos/04565.mp4,56.0,2.0,50.0,28.0,29.0,1.9310344827586208,27.0,True,
video_0147,data/mafw_sample/videos/05887.mp4,186.0,4.0,50.0,46.0,25.0,7.44,44.0,True,
video_0148,data/mafw_sample/videos/00048.mp4,63.0,2.0,50.0,31.0,23.976,2.6276276276276276,32.0,True,
video_0149,data/mafw_sample/videos/02601.mp4,37.0,2.0,30.0,18.0,23.963694319133417,1.5440023356690025,17.0,True,
video_0150,data/mafw_sample/videos/08585.mp4,157.0,4.0,50.0,39.0,29.97,5.238571905238572,8.0,True,
video_0151,data/mafw_sample/videos/02785.mp4,,,,,,,,False,list index out of range
video_0152,data/mafw_sample/videos/01575.mp4,53.0,2.0,50.0,26.0,25.0,2.12,27.0,True,
video_0153,data/mafw_sample/videos/06925.mp4,76.0,2.0,50.0,38.0,29.96802841918295,2.536036036036036,36.0,True,
video_0154,data/mafw_sample/videos/03081.mp4,60.0,2.0,50.0,30.0,25.0,2.4,30.0,True,
video_0155,data/mafw_sample/videos/09448.mp4,181.0,4.0,50.0,45.0,29.966688763672522,6.04004004004004,16.0,True,
video_0156,data/mafw_sample/videos/00849.mp4,80.0,2.0,50.0,40.0,23.973602639736026,3.337003670337004,38.0,True,
video_0157,data/mafw_sample/videos/00493.mp4,68.0,2.0,50.0,34.0,30.0,2.2666666666666666,25.0,True,
video_0158,data/mafw_sample/videos/05241.mp4,437.0,9.0,50.0,48.0,29.97002997002997,14.581233333333333,49.0,True,
video_0159,data/mafw_sample/videos/08484.mp4,85.0,2.0,50.0,42.0,23.976023976023978,3.545208333333333,13.0,True,
video_0160,data/mafw_sample/videos/15402.mp4,59.0,2.0,50.0,29.0,23.976023976023978,2.4607916666666667,4.0,True,
video_0161,data/mafw_sample/videos/08115.mp4,41.0,2.0,40.0,20.0,25.0,1.64,6.0,True,
video_0162,data/mafw_sample/videos/01201.mp4,57.0,2.0,50.0,28.0,23.976023976023978,2.377375,1.0,True,
video_0163,data/mafw_sample/videos/05469.mp4,601.0,13.0,50.0,46.0,29.97002997002997,20.053366666666665,47.0,True,
video_0164,data/mafw_sample/videos/05030.mp4,202.0,5.0,50.0,40.0,25.0,8.08,41.0,True,
video_0165,data/mafw_sample/videos/07877.mp4,81.0,2.0,50.0,40.0,29.97000002997,2.7027027,41.0,True,
video_0166,data/mafw_sample/videos/10684.mp4,73.0,2.0,50.0,36.0,30.0,2.433333333333333,37.0,True,
video_0167,data/mafw_sample/videos/04026.mp4,179.0,4.0,50.0,44.0,25.0,7.16,44.0,True,
video_0168,data/mafw_sample/videos/04228.mp4,62.0,2.0,50.0,31.0,23.976023976023978,2.5859166666666664,25.0,True,
video_0169,data/mafw_sample/videos/10253.mp4,34.0,2.0,30.0,17.0,23.976,1.4180847514180848,17.0,True,
video_0170,data/mafw_sample/videos/15336.mp4,194.0,4.0,50.0,48.0,30.0,6.466666666666667,48.0,True,
video_0171,data/mafw_sample/videos/15263.mp4,93.0,2.0,50.0,46.0,23.976023976023978,3.878875,47.0,True,
video_0172,data/mafw_sample/videos/15570.mp4,30.0,1.0,30.0,30.0,30.0,1.0,17.0,True,
video_0173,data/mafw_sample/videos/03572.mp4,67.0,2.0,50.0,33.0,23.976023976023978,2.794458333333333,34.0,True,
video_0174,data/mafw_sample/videos/00454.mp4,51.0,2.0,50.0,25.0,30.0,1.7,26.0,True,
video_0175,data/mafw_sample/videos/03130.mp4,86.0,2.0,50.0,43.0,25.0,3.44,43.0,True,
video_0176,data/mafw_sample/videos/01398.mp4,72.0,2.0,50.0,36.0,30.0,2.4,36.0,True,
video_0177,data/mafw_sample/videos/07380.mp4,40.0,1.0,40.0,40.0,25.0,1.6,40.0,True,
video_0178,data/mafw_sample/videos/01411.mp4,64.0,2.0,50.0,32.0,23.976023976023978,2.6693333333333333,27.0,True,
video_0179,data/mafw_sample/videos/15140.mp4,96.0,2.0,50.0,48.0,30.0,3.2,48.0,True,
video_0180,data/mafw_sample/videos/00570.mp4,51.0,2.0,50.0,25.0,23.976023976023978,2.127125,26.0,True,
video_0181,data/mafw_sample/videos/07986.mp4,29.0,2.0,20.0,14.0,29.959669079627716,0.9679679679679679,14.0,True,
video_0182,data/mafw_sample/videos/04813.mp4,249.0,5.0,50.0,49.0,23.976023976023978,10.385375,50.0,True,
video_0183,data/mafw_sample/videos/09667.mp4,85.0,2.0,50.0,42.0,30.0,2.8333333333333335,43.0,True,
video_0184,data/mafw_sample/videos/08908.mp4,147.0,3.0,50.0,49.0,29.969490314790566,4.904988321654988,49.0,True,
video_0185,data/mafw_sample/videos/04316.mp4,80.0,2.0,50.0,40.0,23.976023976023978,3.3366666666666664,40.0,True,
video_0186,data/mafw_sample/videos/03378.mp4,129.0,3.0,50.0,43.0,29.97002997002997,4.3043000000000005,43.0,True,
video_0187,data/mafw_sample/videos/08578.mp4,76.0,2.0,50.0,38.0,29.97002997002997,2.5358666666666667,16.0,True,
video_0188,data/mafw_sample/videos/15369.mp4,112.0,3.0,50.0,37.0,25.0,4.48,38.0,True,
video_0189,data/mafw_sample/videos/08019.mp4,81.0,2.0,50.0,40.0,29.966300456733737,2.703036369703036,34.0,True,
video_0190,data/mafw_sample/videos/00336.mp4,151.0,4.0,50.0,37.0,30.0,5.033333333333333,33.0,True,
video_0191,data/mafw_sample/videos/01072.mp4,90.0,2.0,50.0,45.0,23.976023976023978,3.7537499999999997,44.0,True,
video_0192,data/mafw_sample/videos/03920.mp4,53.0,2.0,50.0,26.0,23.976023976023978,2.2105416666666664,13.0,True,
video_0193,data/mafw_sample/videos/15134.mp4,135.0,3.0,50.0,45.0,23.976023976023978,5.630624999999999,23.0,True,
video_0194,data/mafw_sample/videos/00451.mp4,206.0,5.0,50.0,41.0,30.0,6.866666666666666,42.0,True,
video_0195,data/mafw_sample/videos/05941.mp4,83.0,2.0,50.0,41.0,23.976023976023978,3.4617916666666666,42.0,True,
video_0196,data/mafw_sample/videos/07129.mp4,180.0,4.0,50.0,45.0,25.0,7.2,45.0,True,
video_0197,data/mafw_sample/videos/03019.mp4,107.0,3.0,50.0,35.0,25.0,4.28,31.0,True,
video_0198,data/mafw_sample/videos/02571.mp4,53.0,2.0,50.0,26.0,23.97102488162834,2.2110026693360028,27.0,True,
video_0199,data/mafw_sample/videos/03030.mp4,52.0,2.0,50.0,26.0,23.976023976023978,2.168833333333333,26.0,True,
video_0200,data/mafw_sample/videos/04934.mp4,138.0,3.0,50.0,46.0,30.0,4.6,43.0,True,
video_0201,data/mafw_sample/videos/09032.mp4,50.0,1.0,50.0,50.0,25.0,2.0,50.0,True,
video_0202,data/mafw_sample/videos/10606.mp4,96.0,2.0,50.0,48.0,23.976,4.004004004004004,45.0,True,
video_0203,data/mafw_sample/videos/01938.mp4,,,,,,,,False,list index out of range
video_0204,data/mafw_sample/videos/09321.mp4,370.0,8.0,50.0,46.0,29.97,12.345679012345679,47.0,True,
video_0205,data/mafw_sample/videos/02745.mp4,110.0,3.0,50.0,36.0,23.976023976023978,4.587916666666667,37.0,True,
video_0206,data/mafw_sample/videos/09786.mp4,481.0,10.0,50.0,48.0,23.976043701171875,20.061691828518406,49.0,True,
video_0207,data/mafw_sample/videos/01498.mp4,104.0,3.0,50.0,34.0,23.976023976023978,4.337666666666666,35.0,True,
video_0208,data/mafw_sample/videos/00087.mp4,75.0,2.0,50.0,37.0,30.0,2.5,38.0,True,
video_0209,data/mafw_sample/videos/15553.mp4,58.0,2.0,50.0,29.0,30.0,1.9333333333333333,29.0,True,
video_0210,data/mafw_sample/videos/00094.mp4,66.0,2.0,50.0,33.0,23.976023976023978,2.75275,33.0,True,
video_0211,data/mafw_sample/videos/03319.mp4,69.0,2.0,50.0,34.0,24.0,2.875,35.0,True,
video_0212,data/mafw_sample/videos/09356.mp4,108.0,3.0,50.0,36.0,29.966531651429232,3.6040206873540206,28.0,True,
video_0213,data/mafw_sample/videos/05536.mp4,96.0,2.0,50.0,48.0,25.0,3.84,48.0,True,
video_0214,data/mafw_sample/videos/10441.mp4,142.0,3.0,50.0,47.0,23.976023976023978,5.922583333333333,48.0,True,
video_0215,data/mafw_sample/videos/09285.mp4,82.0,2.0,50.0,41.0,29.95995245496937,2.736986986986987,36.0,True,
video_0216,data/mafw_sample/videos/07016.mp4,56.0,2.0,50.0,28.0,25.0,2.24,28.0,True,
video_0217,data/mafw_sample/videos/02769.mp4,103.0,3.0,50.0,34.0,23.976023976023978,4.295958333333333,35.0,True,
video_0218,data/mafw_sample/videos/02791.mp4,69.0,2.0,50.0,34.0,24.0,2.875,35.0,True,
video_0219,data/mafw_sample/videos/08653.mp4,54.0,2.0,50.0,27.0,30.0,1.8,27.0,True,
video_0220,data/mafw_sample/videos/04849.mp4,64.0,2.0,50.0,32.0,29.990847519677832,2.1339843750000003,32.0,True,
video_0221,data/mafw_sample/videos/10870.mp4,304.0,7.0,50.0,43.0,23.976023976023978,12.679333333333332,14.0,True,
video_0222,data/mafw_sample/videos/03848.mp4,94.0,2.0,50.0,47.0,23.976023976023978,3.920583333333333,47.0,True,
video_0223,data/mafw_sample/videos/15542.mp4,49.0,2.0,40.0,24.0,30.0,1.6333333333333333,25.0,True,
video_0224,data/mafw_sample/videos/08433.mp4,113.0,3.0,50.0,37.0,29.965359347003783,3.771021021021021,38.0,True,
video_0225,data/mafw_sample/videos/05298.mp4,600.0,12.0,50.0,50.0,29.97002997002997,20.02,50.0,True,
video_0226,data/mafw_sample/videos/07477.mp4,79.0,2.0,50.0,39.0,25.0,3.16,22.0,True,
video_0227,data/mafw_sample/videos/02613.mp4,89.0,2.0,50.0,44.0,23.969805555867584,3.713004671338005,45.0,True,
video_0228,data/mafw_sample/videos/08354.mp4,188.0,4.0,50.0,47.0,30.0,6.266666666666667,47.0,True,
video_0229,data/mafw_sample/videos/04114.mp4,91.0,2.0,50.0,45.0,25.0,3.64,46.0,True,
video_0230,data/mafw_sample/videos/07332.mp4,52.0,2.0,50.0,26.0,25.0,2.08,26.0,True,
video_0231,data/mafw_sample/videos/00666.mp4,60.0,2.0,50.0,30.0,25.0,2.4,30.0,True,
video_0232,data/mafw_sample/videos/11000.mp4,96.0,2.0,50.0,48.0,23.976,4.004004004004004,31.0,True,
video_0233,data/mafw_sample/videos/02878.mp4,68.0,2.0,50.0,34.0,25.0,2.72,34.0,True,
video_0234,data/mafw_sample/videos/10294.mp4,120.0,3.0,50.0,40.0,23.976,5.005005005005005,30.0,True,
video_0235,data/mafw_sample/videos/00654.mp4,76.0,2.0,50.0,38.0,25.0,3.04,38.0,True,
video_0236,data/mafw_sample/videos/09797.mp4,137.0,3.0,50.0,45.0,29.932344547199698,4.576988607890956,46.0,True,
video_0237,data/mafw_sample/videos/07685.mp4,338.0,7.0,50.0,48.0,29.97002997002997,11.277933333333333,49.0,True,
video_0238,data/mafw_sample/videos/01957.mp4,54.0,2.0,50.0,27.0,25.0,2.16,27.0,True,
video_0239,data/mafw_sample/videos/02921.mp4,67.0,2.0,50.0,33.0,23.971348842761852,2.7950033366700033,34.0,True,
video_0240,data/mafw_sample/videos/05846.mp4,158.0,4.0,50.0,39.0,29.0,5.448275862068965,35.0,True,
video_0241,data/mafw_sample/videos/09253.mp4,42.0,2.0,40.0,21.0,29.957517700957933,1.4019853186519853,21.0,True,
video_0242,data/mafw_sample/videos/15260.mp4,122.0,3.0,50.0,40.0,25.0,4.88,30.0,True,
video_0243,data/mafw_sample/videos/08626.mp4,33.0,2.0,30.0,16.0,25.0,1.32,15.0,True,
video_0244,data/mafw_sample/videos/00872.mp4,63.0,2.0,50.0,31.0,25.0,2.52,28.0,True,
video_0245,data/mafw_sample/videos/00131.mp4,62.0,2.0,50.0,31.0,23.976023976023978,2.5859166666666664,6.0,True,
video_0246,data/mafw_sample/videos/09665.mp4,74.0,2.0,50.0,37.0,29.99604148523474,2.4669921875,33.0,True,
video_0247,data/mafw_sample/videos/07108.mp4,57.0,2.0,50.0,28.0,25.0,2.28,29.0,True,
video_0248,data/mafw_sample/videos/10523.mp4,48.0,2.0,40.0,24.0,23.976,2.002002002002002,23.0,True,
video_0249,data/mafw_sample/videos/01928.mp4,55.0,2.0,50.0,27.0,25.0,2.2,28.0,True,
video_0250,data/mafw_sample/videos/00545.mp4,107.0,3.0,50.0,35.0,23.976023976023978,4.462791666666666,5.0,True,
video_0251,data/mafw_sample/videos/03261.mp4,96.0,2.0,50.0,48.0,25.0,3.84,1.0,True,
video_0252,data/mafw_sample/videos/07882.mp4,59.0,2.0,50.0,29.0,25.0,2.36,30.0,True,
video_0253,data/mafw_sample/videos/02445.mp4,111.0,3.0,50.0,37.0,23.976023976023978,4.629625,37.0,True,
video_0254,data/mafw_sample/videos/03037.mp4,105.0,3.0,50.0,35.0,23.972575346379088,4.380005005005005,6.0,True,
video_0255,data/mafw_sample/videos/01209.mp4,57.0,2.0,50.0,28.0,23.969692186266773,2.378003003003003,29.0,True,
video_0256,data/mafw_sample/videos/00155.mp4,150.0,3.0,50.0,50.0,23.976023976023978,6.25625,13.0,True,
video_0257,data/mafw_sample/videos/02596.mp4,67.0,2.0,50.0,33.0,23.971348842761852,2.7950033366700033,34.0,True,
video_0258,data/mafw_sample/videos/01900.mp4,53.0,2.0,50.0,26.0,23.976023976023978,2.2105416666666664,27.0,True,
video_0259,data/mafw_sample/videos/00153.mp4,63.0,2.0,50.0,31.0,24.0,2.625,32.0,True,
video_0260,data/mafw_sample/videos/01890.mp4,68.0,2.0,50.0,34.0,25.0,2.72,2.0,True,
video_0261,data/mafw_sample/videos/02077.mp4,66.0,2.0,50.0,33.0,23.973820561767113,2.753003003003003,33.0,True,
video_0262,data/mafw_sample/videos/10204.mp4,72.0,2.0,50.0,36.0,23.976,3.0030030030030033,36.0,True,
video_0263,data/mafw_sample/videos/08329.mp4,197.0,4.0,50.0,49.0,29.97002997002997,6.5732333333333335,42.0,True,
video_0264,data/mafw_sample/videos/01389.mp4,137.0,3.0,50.0,45.0,30.0,4.566666666666666,46.0,True,
video_0265,data/mafw_sample/videos/01685.mp4,105.0,3.0,50.0,35.0,23.976023976023978,4.379375,34.0,True,
video_0266,data/mafw_sample/videos/08669.mp4,147.0,3.0,50.0,49.0,30.0,4.9,49.0,True,
video_0267,data/mafw_sample/videos/04976.mp4,155.0,4.0,50.0,38.0,25.0,6.2,39.0,True,
video_0268,data/mafw_sample/videos/09174.mp4,106.0,3.0,50.0,35.0,30.0,3.533333333333333,36.0,True,
video_0269,data/mafw_sample/videos/02511.mp4,67.0,2.0,50.0,33.0,23.976023976023978,2.794458333333333,27.0,True,
video_0270,data/mafw_sample/videos/02526.mp4,71.0,2.0,50.0,35.0,23.97590361445783,2.9613065326633166,2.0,True,
video_0271,data/mafw_sample/videos/03520.mp4,54.0,2.0,50.0,27.0,23.976,2.2522522522522523,27.0,True,
video_0272,data/mafw_sample/videos/09757.mp4,122.0,3.0,50.0,40.0,30.0,4.066666666666666,41.0,True,
video_0273,data/mafw_sample/videos/00361.mp4,123.0,3.0,50.0,41.0,23.976023976023978,5.130125,8.0,True,
video_0274,data/mafw_sample/videos/00080.mp4,52.0,2.0,50.0,26.0,23.976023976023978,2.168833333333333,26.0,True,
video_0275,data/mafw_sample/videos/09884.mp4,130.0,3.0,50.0,43.0,29.967694792708254,4.3380046713380045,44.0,True,
video_0276,data/mafw_sample/videos/04914.mp4,172.0,4.0,50.0,43.0,24.0,7.166666666666667,42.0,True,
video_0277,data/mafw_sample/videos/05282.mp4,50.0,1.0,50.0,50.0,25.0,2.0,50.0,True,
video_0278,data/mafw_sample/videos/08502.mp4,361.0,8.0,50.0,45.0,23.976023976023978,15.056708333333333,43.0,True,
video_0279,data/mafw_sample/videos/01631.mp4,92.0,2.0,50.0,46.0,30.0,3.066666666666667,7.0,True,
video_0280,data/mafw_sample/videos/10677.mp4,118.0,3.0,50.0,39.0,25.0,4.72,39.0,True,
video_0281,data/mafw_sample/videos/01061.mp4,77.0,2.0,50.0,38.0,30.0,2.566666666666667,39.0,True,
video_0282,data/mafw_sample/videos/01329.mp4,59.0,2.0,50.0,29.0,23.976023976023978,2.4607916666666667,30.0,True,
video_0283,data/mafw_sample/videos/00438.mp4,92.0,2.0,50.0,46.0,30.0,3.066666666666667,40.0,True,
video_0284,data/mafw_sample/videos/09460.mp4,105.0,3.0,50.0,35.0,30.0,3.5,30.0,True,
video_0285,data/mafw_sample/videos/09169.mp4,110.0,3.0,50.0,36.0,30.0,3.6666666666666665,35.0,True,
video_0286,data/mafw_sample/videos/09522.mp4,132.0,3.0,50.0,44.0,30.0,4.4,44.0,True,
video_0287,data/mafw_sample/videos/15544.mp4,115.0,3.0,50.0,38.0,29.97002997002997,3.8371666666666666,32.0,True,
video_0288,data/mafw_sample/videos/02451.mp4,101.0,3.0,50.0,33.0,23.976023976023978,4.212541666666667,7.0,True,
video_0289,data/mafw_sample/videos/01867.mp4,82.0,2.0,50.0,41.0,30.0,2.7333333333333334,36.0,True,
video_0290,data/mafw_sample/videos/01259.mp4,52.0,2.0,50.0,26.0,23.976023976023978,2.168833333333333,26.0,True,
video_0291,data/mafw_sample/videos/09611.mp4,88.0,2.0,50.0,44.0,24.0,3.6666666666666665,17.0,True,
video_0292,data/mafw_sample/videos/10002.mp4,48.0,2.0,40.0,24.0,23.976,2.002002002002002,24.0,True,
video_0293,data/mafw_sample/videos/00899.mp4,53.0,2.0,50.0,26.0,23.976023976023978,2.2105416666666664,27.0,True,
video_0294,data/mafw_sample/videos/04059.mp4,69.0,2.0,50.0,34.0,25.0,2.76,7.0,True,
video_0295,data/mafw_sample/videos/07308.mp4,54.0,2.0,50.0,27.0,25.0,2.16,15.0,True,
video_0296,data/mafw_sample/videos/09968.mp4,106.0,3.0,50.0,35.0,23.97102488162834,4.4220053386720055,36.0,True,
video_0297,data/mafw_sample/videos/02170.mp4,56.0,2.0,50.0,28.0,25.0,2.24,28.0,True,
video_0298,data/mafw_sample/videos/05946.mp4,61.0,2.0,50.0,30.0,25.0,2.44,31.0,True,
video_0299,data/mafw_sample/videos/00989.mp4,41.0,2.0,40.0,20.0,23.962557589644835,1.7110026693360025,21.0,True,
video_0300,data/mafw_sample/videos/08692.mp4,56.0,2.0,50.0,28.0,25.0,2.24,28.0,True,
video_0301,data/mafw_sample/videos/09475.mp4,249.0,5.0,50.0,49.0,23.976023976023978,10.385375,50.0,True,
video_0302,data/mafw_sample/videos/03639.mp4,72.0,2.0,50.0,36.0,23.976,3.0030030030030033,23.0,True,
video_0303,data/mafw_sample/videos/10340.mp4,75.0,2.0,50.0,37.0,25.0,3.0,18.0,True,
video_0304,data/mafw_sample/videos/06980.mp4,77.0,2.0,50.0,38.0,29.961245090720244,2.5699866533199867,39.0,True,
video_0305,data/mafw_sample/videos/03802.mp4,54.0,2.0,50.0,27.0,25.0,2.16,27.0,True,
video_0306,data/mafw_sample/videos/01305.mp4,60.0,2.0,50.0,30.0,23.976023976023978,2.5025,30.0,True,
video_0307,data/mafw_sample/videos/15228.mp4,150.0,3.0,50.0,50.0,30.0,5.0,48.0,True,
video_0308,data/mafw_sample/videos/09656.mp4,114.0,3.0,50.0,38.0,30.0,3.8,38.0,True,
video_0309,data/mafw_sample/videos/02569.mp4,,,,,,,,False,list index out of range
video_0310,data/mafw_sample/videos/04562.mp4,96.0,2.0,50.0,48.0,24.0,4.0,48.0,True,
video_0311,data/mafw_sample/videos/00937.mp4,75.0,2.0,50.0,37.0,23.976023976023978,3.128125,37.0,True,
video_0312,data/mafw_sample/videos/02479.mp4,,,,,,,,False,list index out of range
video_0313,data/mafw_sample/videos/08123.mp4,37.0,2.0,30.0,18.0,29.959878419452888,1.234984984984985,19.0,True,
video_0314,data/mafw_sample/videos/07998.mp4,122.0,3.0,50.0,40.0,29.968157695223653,4.070987654320988,41.0,True,
video_0315,data/mafw_sample/videos/04619.mp4,56.0,2.0,50.0,28.0,25.0,2.24,13.0,True,
video_0316,data/mafw_sample/videos/07112.mp4,354.0,8.0,50.0,44.0,25.0,14.16,30.0,True,
video_0317,data/mafw_sample/videos/08592.mp4,62.0,2.0,50.0,31.0,30.0,2.066666666666667,26.0,True,
video_0318,data/mafw_sample/videos/01701.mp4,,,,,,,,False,list index out of range
video_0319,data/mafw_sample/videos/04301.mp4,81.0,2.0,50.0,40.0,23.976023976023978,3.3783749999999997,18.0,True,
video_0320,data/mafw_sample/videos/03210.mp4,76.0,2.0,50.0,38.0,23.976023976023978,3.169833333333333,8.0,True,
video_0321,data/mafw_sample/videos/00774.mp4,57.0,2.0,50.0,28.0,24.0,2.375,13.0,True,
video_0322,data/mafw_sample/videos/10587.mp4,41.0,2.0,40.0,20.0,24.0,1.7083333333333333,7.0,True,
video_0323,data/mafw_sample/videos/03461.mp4,58.0,2.0,50.0,29.0,25.0,2.32,24.0,True,
video_0324,data/mafw_sample/videos/08232.mp4,210.0,5.0,50.0,42.0,29.96571918297386,7.008008008008008,30.0,True,
video_0325,data/mafw_sample/videos/04360.mp4,168.0,4.0,50.0,42.0,24.0,7.0,42.0,True,
video_0326,data/mafw_sample/videos/01882.mp4,58.0,2.0,50.0,29.0,30.0,1.9333333333333333,2.0,True,
video_0327,data/mafw_sample/videos/02706.mp4,56.0,2.0,50.0,28.0,25.0,2.24,15.0,True,
video_0328,data/mafw_sample/videos/04021.mp4,70.0,2.0,50.0,35.0,23.976023976023978,2.919583333333333,35.0,True,
video_0329,data/mafw_sample/videos/07492.mp4,86.0,2.0,50.0,43.0,25.0,3.44,31.0,True,
video_0330,data/mafw_sample/videos/07189.mp4,105.0,3.0,50.0,35.0,25.0,4.2,20.0,True,
video_0331,data/mafw_sample/videos/04459.mp4,79.0,2.0,50.0,39.0,29.97,2.6359693026359694,40.0,True,
video_0332,data/mafw_sample/videos/07631.mp4,197.0,4.0,50.0,49.0,25.0,7.88,50.0,True,
video_0333,data/mafw_sample/videos/05444.mp4,600.0,12.0,50.0,50.0,29.97002997002997,20.02,50.0,True,
video_0334,data/mafw_sample/videos/07099.mp4,54.0,2.0,50.0,27.0,25.0,2.16,27.0,True,
video_0335,data/mafw_sample/videos/04865.mp4,96.0,2.0,50.0,48.0,29.97002997002997,3.2032000000000003,28.0,True,
video_0336,data/mafw_sample/videos/01879.mp4,67.0,2.0,50.0,33.0,30.0,2.2333333333333334,34.0,True,
video_0337,data/mafw_sample/videos/06975.mp4,87.0,2.0,50.0,43.0,29.969138817850062,2.902986319652986,11.0,True,
video_0338,data/mafw_sample/videos/07774.mp4,77.0,2.0,50.0,38.0,29.97,2.569235902569236,28.0,True,
video_0339,data/mafw_sample/videos/09938.mp4,82.0,2.0,50.0,41.0,23.976023976023978,3.420083333333333,41.0,True,
video_0340,data/mafw_sample/videos/00225.mp4,159.0,4.0,50.0,39.0,30.0,5.3,40.0,True,
video_0341,data/mafw_sample/videos/09699.mp4,68.0,2.0,50.0,34.0,25.0,2.72,26.0,True,
video_0342,data/mafw_sample/videos/01991.mp4,50.0,1.0,50.0,50.0,23.976,2.085418752085419,50.0,True,
video_0343,data/mafw_sample/videos/07876.mp4,253.0,6.0,50.0,42.0,29.97002997002997,8.441766666666666,24.0,True,
video_0344,data/mafw_sample/videos/01931.mp4,67.0,2.0,50.0,33.0,23.976023976023978,2.794458333333333,24.0,True,
video_0345,data/mafw_sample/videos/07343.mp4,51.0,2.0,50.0,25.0,25.0,2.04,19.0,True,
video_0346,data/mafw_sample/videos/15204.mp4,102.0,3.0,50.0,34.0,30.0,3.4,30.0,True,
video_0347,data/mafw_sample/videos/05320.mp4,135.0,3.0,50.0,45.0,30.0,4.5,45.0,True,
video_0348,data/mafw_sample/videos/15117.mp4,162.0,4.0,50.0,40.0,23.976,6.756756756756757,37.0,True,
video_0349,data/mafw_sample/videos/05638.mp4,258.0,6.0,50.0,43.0,29.97002997002997,8.608600000000001,43.0,True,
video_0350,data/mafw_sample/videos/07577.mp4,24.0,2.0,20.0,12.0,25.0,0.96,12.0,True,
video_0351,data/mafw_sample/videos/01253.mp4,123.0,3.0,50.0,41.0,23.976023976023978,5.130125,33.0,True,
video_0352,data/mafw_sample/videos/01125.mp4,,,,,,,,False,list index out of range
video_0353,data/mafw_sample/videos/00244.mp4,113.0,3.0,50.0,37.0,30.0,3.7666666666666666,16.0,True,
video_0354,data/mafw_sample/videos/03851.mp4,51.0,2.0,50.0,25.0,23.976023976023978,2.127125,7.0,True,
video_0355,data/mafw_sample/videos/15309.mp4,46.0,2.0,40.0,23.0,30.0,1.5333333333333334,23.0,True,
video_0356,data/mafw_sample/videos/09736.mp4,82.0,2.0,50.0,41.0,30.0,2.7333333333333334,41.0,True,
video_0357,data/mafw_sample/videos/15436.mp4,158.0,4.0,50.0,39.0,23.975696510170756,6.590006673340007,26.0,True,
video_0358,data/mafw_sample/videos/11034.mp4,97.0,2.0,50.0,48.0,23.976023976023978,4.045708333333333,42.0,True,
video_0359,data/mafw_sample/videos/00782.mp4,84.0,2.0,50.0,42.0,25.0,3.36,41.0,True,
video_0360,data/mafw_sample/videos/09153.mp4,114.0,3.0,50.0,38.0,25.0,4.56,38.0,True,
video_0361,data/mafw_sample/videos/01441.mp4,77.0,2.0,50.0,38.0,30.0,2.566666666666667,39.0,True,
video_0362,data/mafw_sample/videos/04860.mp4,203.0,5.0,50.0,40.0,30.0,6.766666666666667,41.0,True,
video_0363,data/mafw_sample/videos/06907.mp4,159.0,4.0,50.0,39.0,29.96623066280971,5.305972639305972,39.0,True,
video_0364,data/mafw_sample/videos/00822.mp4,202.0,5.0,50.0,40.0,25.0,8.08,41.0,True,
video_0365,data/mafw_sample/videos/09306.mp4,62.0,2.0,50.0,31.0,25.0,2.48,21.0,True,
video_0366,data/mafw_sample/videos/05006.mp4,121.0,3.0,50.0,40.0,29.97002997002997,4.037366666666666,39.0,True,
video_0367,data/mafw_sample/videos/10624.mp4,96.0,2.0,50.0,48.0,24.0,4.0,10.0,True,
video_0368,data/mafw_sample/videos/07510.mp4,434.0,9.0,50.0,48.0,25.0,17.36,49.0,True,
video_0369,data/mafw_sample/videos/09920.mp4,75.0,2.0,50.0,37.0,29.97002997002997,2.5025,5.0,True,
video_0370,data/mafw_sample/videos/07201.mp4,69.0,2.0,50.0,34.0,29.961315560707042,2.3029696363029695,32.0,True,
video_0371,data/mafw_sample/videos/09589.mp4,95.0,2.0,50.0,47.0,30.0,3.1666666666666665,48.0,True,
video_0372,data/mafw_sample/videos/04966.mp4,100.0,2.0,50.0,50.0,25.0,4.0,50.0,True,
video_0373,data/mafw_sample/videos/06899.mp4,61.0,2.0,50.0,30.0,29.960176991150444,2.036036036036036,6.0,True,
video_0374,data/mafw_sample/videos/01412.mp4,72.0,2.0,50.0,36.0,30.0,2.4,36.0,True,
video_0375,data/mafw_sample/videos/10717.mp4,50.0,1.0,50.0,50.0,25.0,2.0,50.0,True,
video_0376,data/mafw_sample/videos/04154.mp4,56.0,2.0,50.0,28.0,24.0,2.3333333333333335,24.0,True,
video_0377,data/mafw_sample/videos/05756.mp4,214.0,5.0,50.0,42.0,25.0,8.56,43.0,True,
video_0378,data/mafw_sample/videos/01265.mp4,64.0,2.0,50.0,32.0,25.0,2.56,32.0,True,
video_0379,data/mafw_sample/videos/09406.mp4,315.0,7.0,50.0,45.0,29.970031545741325,10.510499447397505,43.0,True,
video_0380,data/mafw_sample/videos/00888.mp4,72.0,2.0,50.0,36.0,24.0,3.0,36.0,True,
video_0381,data/mafw_sample/videos/02631.mp4,83.0,2.0,50.0,41.0,25.0,3.32,42.0,True,
video_0382,data/mafw_sample/videos/02606.mp4,111.0,3.0,50.0,37.0,23.974056157608842,4.630005005005005,37.0,True,
video_0383,data/mafw_sample/videos/01359.mp4,57.0,2.0,50.0,28.0,23.976023976023978,2.377375,29.0,True,
video_0384,data/mafw_sample/videos/02210.mp4,54.0,2.0,50.0,27.0,25.0,2.16,27.0,True,
video_0385,data/mafw_sample/videos/10520.mp4,83.0,2.0,50.0,41.0,29.97002997002997,2.769433333333333,42.0,True,
video_0386,data/mafw_sample/videos/05475.mp4,143.0,3.0,50.0,47.0,29.97002997002997,4.771433333333333,48.0,True,
video_0387,data/mafw_sample/videos/04306.mp4,63.0,2.0,50.0,31.0,23.976023976023978,2.6276249999999997,32.0,True,
video_0388,data/mafw_sample/videos/05835.mp4,,,,,,,,False,list index out of range
video_0389,data/mafw_sample/videos/01338.mp4,92.0,2.0,50.0,46.0,25.0,3.68,46.0,True,
video_0390,data/mafw_sample/videos/02604.mp4,101.0,3.0,50.0,33.0,23.97338903683757,4.213004671338005,34.0,True,
video_0391,data/mafw_sample/videos/05642.mp4,55.0,2.0,50.0,27.0,25.0,2.2,28.0,True,
video_0392,data/mafw_sample/videos/03283.mp4,54.0,2.0,50.0,27.0,25.0,2.16,27.0,True,
video_0393,data/mafw_sample/videos/10519.mp4,61.0,2.0,50.0,30.0,23.976023976023978,2.544208333333333,9.0,True,
video_0394,data/mafw_sample/videos/04605.mp4,57.0,2.0,50.0,28.0,24.0,2.375,23.0,True,
video_0395,data/mafw_sample/videos/10277.mp4,168.0,4.0,50.0,42.0,23.976,7.007007007007007,41.0,True,
video_0396,data/mafw_sample/videos/09698.mp4,59.0,2.0,50.0,29.0,25.0,2.36,30.0,True,
video_0397,data/mafw_sample/videos/09263.mp4,138.0,3.0,50.0,46.0,23.976023976023978,5.75575,46.0,True,
video_0398,data/mafw_sample/videos/09423.mp4,80.0,2.0,50.0,40.0,29.962509372656836,2.6700033366700033,40.0,True,
video_0399,data/mafw_sample/videos/04484.mp4,80.0,2.0,50.0,40.0,25.0,3.2,2.0,True,
video_0400,data/mafw_sample/videos/02292.mp4,52.0,2.0,50.0,26.0,25.0,2.08,24.0,True,
video_0401,data/mafw_sample/videos/03135.mp4,84.0,2.0,50.0,42.0,24.0,3.5,42.0,True,
video_0402,data/mafw_sample/videos/15335.mp4,107.0,3.0,50.0,35.0,24.0,4.458333333333333,36.0,True,
video_0403,data/mafw_sample/videos/03060.mp4,71.0,2.0,50.0,35.0,24.0,2.9583333333333335,36.0,True,
video_0404,data/mafw_sample/videos/06933.mp4,170.0,4.0,50.0,42.0,29.97002997002997,5.6723333333333334,43.0,True,
video_0405,data/mafw_sample/videos/03573.mp4,82.0,2.0,50.0,41.0,23.976023976023978,3.420083333333333,41.0,True,
video_0406,data/mafw_sample/videos/03624.mp4,63.0,2.0,50.0,31.0,25.0,2.52,32.0,True,
video_0407,data/mafw_sample/videos/10930.mp4,192.0,4.0,50.0,48.0,24.0,8.0,48.0,True,
video_0408,data/mafw_sample/videos/07341.mp4,54.0,2.0,50.0,27.0,25.0,2.16,27.0,True,
video_0409,data/mafw_sample/videos/05340.mp4,478.0,10.0,50.0,47.0,29.97002997002997,15.949266666666666,46.0,True,
video_0410,data/mafw_sample/videos/02188.mp4,115.0,3.0,50.0,38.0,25.0,4.6,31.0,True,
video_0411,data/mafw_sample/videos/05927.mp4,70.0,2.0,50.0,35.0,25.0,2.8,35.0,True,
video_0412,data/mafw_sample/videos/00851.mp4,183.0,4.0,50.0,45.0,23.976023976023978,7.632624999999999,46.0,True,
video_0413,data/mafw_sample/videos/08031.mp4,149.0,3.0,50.0,49.0,29.967988725588885,4.971971971971972,50.0,True,
video_0414,data/mafw_sample/videos/01321.mp4,128.0,3.0,50.0,42.0,23.976023976023978,5.338666666666667,32.0,True,
video_0415,data/mafw_sample/videos/05342.mp4,158.0,4.0,50.0,39.0,29.657,5.32757864922278,39.0,True,
video_0416,data/mafw_sample/videos/01122.mp4,99.0,2.0,50.0,49.0,25.0,3.96,50.0,True,
video_0417,data/mafw_sample/videos/00827.mp4,57.0,2.0,50.0,28.0,25.0,2.28,29.0,True,
video_0418,data/mafw_sample/videos/09622.mp4,,,,,,,,False,list index out of range
video_0419,data/mafw_sample/videos/01093.mp4,103.0,3.0,50.0,34.0,23.976023976023978,4.295958333333333,35.0,True,
video_0420,data/mafw_sample/videos/06984.mp4,56.0,2.0,50.0,28.0,25.0,2.24,25.0,True,
video_0421,data/mafw_sample/videos/02507.mp4,59.0,2.0,50.0,29.0,23.976023976023978,2.4607916666666667,4.0,True,
video_0422,data/mafw_sample/videos/04033.mp4,99.0,2.0,50.0,49.0,25.0,3.96,50.0,True,
video_0423,data/mafw_sample/videos/07606.mp4,86.0,2.0,50.0,43.0,25.0,3.44,43.0,True,
video_0424,data/mafw_sample/videos/06965.mp4,99.0,2.0,50.0,49.0,23.97091526039931,4.130005005005005,37.0,True,
video_0425,data/mafw_sample/videos/07790.mp4,139.0,3.0,50.0,46.0,29.97,4.637971304637971,47.0,True,
video_0426,data/mafw_sample/videos/15416.mp4,52.0,2.0,50.0,26.0,30.0,1.7333333333333334,25.0,True,
video_0427,data/mafw_sample/videos/05096.mp4,252.0,6.0,50.0,42.0,30.089432479870727,8.375033333333333,42.0,True,
video_0428,data/mafw_sample/videos/06917.mp4,118.0,3.0,50.0,39.0,29.964286470800058,3.9380213546880216,35.0,True,
video_0429,data/mafw_sample/videos/05500.mp4,79.0,2.0,50.0,39.0,30.0,2.6333333333333333,40.0,True,
video_0430,data/mafw_sample/videos/09765.mp4,76.0,2.0,50.0,38.0,23.974738171675174,3.1700033366700033,38.0,True,
video_0431,data/mafw_sample/videos/00511.mp4,100.0,2.0,50.0,50.0,23.975040998360065,4.171004337671005,50.0,True,
video_0432,data/mafw_sample/videos/00400.mp4,51.0,2.0,50.0,25.0,30.0,1.7,23.0,True,
video_0433,data/mafw_sample/videos/00928.mp4,77.0,2.0,50.0,38.0,24.0,3.2083333333333335,38.0,True,
video_0434,data/mafw_sample/videos/00733.mp4,95.0,2.0,50.0,47.0,25.0,3.8,30.0,True,
video_0435,data/mafw_sample/videos/09353.mp4,68.0,2.0,50.0,34.0,29.97002997002997,2.2689333333333335,34.0,True,
video_0436,data/mafw_sample/videos/07496.mp4,74.0,2.0,50.0,37.0,25.0,2.96,37.0,True,
video_0437,data/mafw_sample/videos/05901.mp4,64.0,2.0,50.0,32.0,25.0,2.56,32.0,True,
video_0438,data/mafw_sample/videos/02310.mp4,136.0,3.0,50.0,45.0,25.0,5.48,18.0,True,
video_0439,data/mafw_sample/videos/02275.mp4,72.0,2.0,50.0,36.0,25.0,2.88,33.0,True,
video_0440,data/mafw_sample/videos/09172.mp4,137.0,3.0,50.0,45.0,30.0,4.566666666666666,46.0,True,
video_0441,data/mafw_sample/videos/08496.mp4,89.0,2.0,50.0,44.0,29.970031545741325,2.9696331772012,42.0,True,
video_0442,data/mafw_sample/videos/08829.mp4,78.0,2.0,50.0,39.0,30.0,2.6,39.0,True,
video_0443,data/mafw_sample/videos/05570.mp4,351.0,8.0,50.0,43.0,29.97002997002997,11.7117,41.0,True,
video_0444,data/mafw_sample/videos/05636.mp4,600.0,12.0,50.0,50.0,29.97002997002997,20.02,50.0,True,
video_0445,data/mafw_sample/videos/20047.mp4,51.0,2.0,50.0,25.0,25.0,2.04,13.0,True,
video_0446,data/mafw_sample/videos/04846.mp4,109.0,3.0,50.0,36.0,29.97002997002997,3.636966666666667,37.0,True,
video_0447,data/mafw_sample/videos/07526.mp4,96.0,2.0,50.0,48.0,29.97002997002997,3.2032000000000003,20.0,True,
video_0448,data/mafw_sample/videos/09265.mp4,116.0,3.0,50.0,38.0,30.0,3.8666666666666667,28.0,True,
video_0449,data/mafw_sample/videos/05138.mp4,150.0,3.0,50.0,50.0,25.0,6.0,48.0,True,
video_0450,data/mafw_sample/videos/04266.mp4,53.0,2.0,50.0,26.0,25.0,2.12,27.0,True,
video_0451,data/mafw_sample/videos/08601.mp4,22.0,2.0,20.0,11.0,23.96510676965016,0.9180013346680014,11.0,True,
video_0452,data/mafw_sample/videos/04241.mp4,59.0,2.0,50.0,29.0,25.0,2.36,27.0,True,
video_0453,data/mafw_sample/videos/02101.mp4,59.0,2.0,50.0,29.0,23.976023976023978,2.4607916666666667,30.0,True,
video_0454,data/mafw_sample/videos/01858.mp4,118.0,3.0,50.0,39.0,23.976023976023978,4.921583333333333,40.0,True,
video_0455,data/mafw_sample/videos/03364.mp4,106.0,3.0,50.0,35.0,25.0,4.24,36.0,True,
video_0456,data/mafw_sample/videos/02402.mp4,109.0,3.0,50.0,36.0,23.976023976023978,4.546208333333333,37.0,True,
video_0457,data/mafw_sample/videos/00621.mp4,54.0,2.0,50.0,27.0,23.976023976023978,2.2522499999999996,19.0,True,
video_0458,data/mafw_sample/videos/07196.mp4,65.0,2.0,50.0,32.0,30.0,2.1666666666666665,32.0,True,
video_0459,data/mafw_sample/videos/03559.mp4,52.0,2.0,50.0,26.0,23.976023976023978,2.168833333333333,5.0,True,
video_0460,data/mafw_sample/videos/01378.mp4,76.0,2.0,50.0,38.0,23.976,3.1698365031698366,38.0,True,
video_0461,data/mafw_sample/videos/00355.mp4,100.0,2.0,50.0,50.0,23.976023976023978,4.170833333333333,40.0,True,
video_0462,data/mafw_sample/videos/07507.mp4,82.0,2.0,50.0,41.0,25.0,3.28,35.0,True,
video_0463,data/mafw_sample/videos/07628.mp4,63.0,2.0,50.0,31.0,25.0,2.52,32.0,True,
video_0464,data/mafw_sample/videos/20020.mp4,72.0,2.0,50.0,36.0,25.0,2.88,8.0,True,
video_0465,data/mafw_sample/videos/08170.mp4,24.0,2.0,20.0,12.0,23.976,1.001001001001001,12.0,True,
video_0466,data/mafw_sample/videos/09559.mp4,234.0,5.0,50.0,46.0,23.972975513866928,9.760991073663135,44.0,True,
video_0467,data/mafw_sample/videos/15415.mp4,75.0,2.0,50.0,37.0,23.969288599192225,3.129004004004004,38.0,True,
video_0468,data/mafw_sample/videos/08961.mp4,69.0,2.0,50.0,34.0,30.0,2.3,35.0,True,
video_0469,data/mafw_sample/videos/00487.mp4,99.0,2.0,50.0,49.0,30.0,3.3,49.0,True,
video_0470,data/mafw_sample/videos/07142.mp4,210.0,5.0,50.0,42.0,23.976023976023978,8.75875,25.0,True,
video_0471,data/mafw_sample/videos/02660.mp4,26.0,2.0,20.0,13.0,23.96309679403398,1.0850016683350017,13.0,True,
video_0472,data/mafw_sample/videos/04751.mp4,123.0,3.0,50.0,41.0,30.0,4.1,41.0,True,
video_0473,data/mafw_sample/videos/07781.mp4,43.0,2.0,40.0,21.0,25.0,1.72,21.0,True,
video_0474,data/mafw_sample/videos/01814.mp4,63.0,2.0,50.0,31.0,23.976023976023978,2.6276249999999997,15.0,True,
video_0475,data/mafw_sample/videos/09784.mp4,,,,,,,,False,list index out of range
video_0476,data/mafw_sample/videos/04000.mp4,170.0,4.0,50.0,42.0,23.976023976023978,7.090416666666666,41.0,True,
video_0477,data/mafw_sample/videos/02657.mp4,112.0,3.0,50.0,37.0,25.0,4.48,38.0,True,
video_0478,data/mafw_sample/videos/08768.mp4,125.0,3.0,50.0,41.0,29.997656433091166,4.1669921875,42.0,True,
video_0479,data/mafw_sample/videos/08309.mp4,306.0,7.0,50.0,43.0,29.97002997002997,10.2102,41.0,True,
video_0480,data/mafw_sample/videos/15406.mp4,44.0,2.0,40.0,22.0,29.95298126064736,1.468968968968969,22.0,True,
video_0481,data/mafw_sample/videos/10708.mp4,24.0,2.0,20.0,12.0,24.0,1.0,3.0,True,
video_0482,data/mafw_sample/videos/10547.mp4,62.0,2.0,50.0,31.0,23.975226605593367,2.5860026693360028,12.0,True,
video_0483,data/mafw_sample/videos/01948.mp4,51.0,2.0,50.0,25.0,23.976023976023978,2.127125,26.0,True,
video_0484,data/mafw_sample/videos/00568.mp4,62.0,2.0,50.0,31.0,23.976023976023978,2.5859166666666664,31.0,True,
video_0485,data/mafw_sample/videos/10826.mp4,69.0,2.0,50.0,34.0,24.0,2.875,35.0,True,
video_0486,data/mafw_sample/videos/04422.mp4,115.0,3.0,50.0,38.0,25.0,4.6,39.0,True,
video_0487,data/mafw_sample/videos/09045.mp4,168.0,4.0,50.0,42.0,29.967770255189347,5.606022689356022,42.0,True,
video_0488,data/mafw_sample/videos/08057.mp4,105.0,3.0,50.0,35.0,30.0,3.5,35.0,True,
video_0489,data/mafw_sample/videos/00254.mp4,95.0,2.0,50.0,47.0,24.0,3.9583333333333335,48.0,True,
video_0490,data/mafw_sample/videos/08732.mp4,324.0,7.0,50.0,46.0,30.0,10.8,41.0,True,
video_0491,data/mafw_sample/videos/04135.mp4,62.0,2.0,50.0,31.0,24.0,2.5833333333333335,31.0,True,
video_0492,data/mafw_sample/videos/00805.mp4,62.0,2.0,50.0,31.0,25.0,2.48,30.0,True,
video_0493,data/mafw_sample/videos/05149.mp4,301.0,7.0,50.0,43.0,29.97002997002997,10.043366666666667,42.0,True,
video_0494,data/mafw_sample/videos/01852.mp4,97.0,2.0,50.0,48.0,23.976023976023978,4.045708333333333,49.0,True,
video_0495,data/mafw_sample/videos/07597.mp4,54.0,2.0,50.0,27.0,25.0,2.16,27.0,True,
video_0496,data/mafw_sample/videos/20088.mp4,45.0,2.0,40.0,22.0,25.0,1.8,22.0,True,
video_0497,data/mafw_sample/videos/00652.mp4,89.0,2.0,50.0,44.0,25.0,3.56,45.0,True,
video_0498,data/mafw_sample/videos/00522.mp4,,,,,,,,False,list index out of range
video_0499,data/mafw_sample/videos/03784.mp4,64.0,2.0,50.0,32.0,23.97590361445783,2.6693467336683416,32.0,True,
video_0500,data/mafw_sample/videos/03000.mp4,33.0,2.0,30.0,16.0,23.96510676965016,1.377002002002002,17.0,True,
video_0501,data/mafw_sample/videos/15574.mp4,150.0,3.0,50.0,50.0,25.0,6.0,11.0,True,
video_0502,data/mafw_sample/videos/08636.mp4,141.0,3.0,50.0,47.0,30.0,4.7,46.0,True,
video_0503,data/mafw_sample/videos/02546.mp4,77.0,2.0,50.0,38.0,23.976023976023978,3.2115416666666663,39.0,True,
video_0504,data/mafw_sample/videos/10285.mp4,144.0,3.0,50.0,48.0,23.976,6.0060060060060065,48.0,True,
video_0505,data/mafw_sample/videos/06863.mp4,114.0,3.0,50.0,38.0,25.0,4.56,37.0,True,
video_0506,data/mafw_sample/videos/02159.mp4,38.0,2.0,30.0,19.0,25.0,1.52,17.0,True,
video_0507,data/mafw_sample/videos/04996.mp4,115.0,3.0,50.0,38.0,30.0,3.8333333333333335,39.0,True,
video_0508,data/mafw_sample/videos/01545.mp4,52.0,2.0,50.0,26.0,25.0,2.08,26.0,True,
video_0509,data/mafw_sample/videos/10555.mp4,48.0,2.0,40.0,24.0,24.0,2.0,5.0,True,
video_0510,data/mafw_sample/videos/02392.mp4,100.0,2.0,50.0,50.0,23.975040998360065,4.171004337671005,50.0,True,
video_0511,data/mafw_sample/videos/09599.mp4,111.0,3.0,50.0,37.0,23.974056157608842,4.630005005005005,31.0,True,
video_0512,data/mafw_sample/videos/03194.mp4,61.0,2.0,50.0,30.0,23.968534390927417,2.5450033366700033,5.0,True,
video_0513,data/mafw_sample/videos/02437.mp4,55.0,2.0,50.0,27.0,23.976023976023978,2.2939583333333333,28.0,True,
video_0514,data/mafw_sample/videos/05013.mp4,161.0,4.0,50.0,40.0,29.964416568341303,5.3730397063730395,40.0,True,
video_0515,data/mafw_sample/videos/05742.mp4,247.0,5.0,50.0,49.0,29.97002997002997,8.241566666666667,50.0,True,
video_0516,data/mafw_sample/videos/07557.mp4,53.0,2.0,50.0,26.0,25.0,2.12,27.0,True,
video_0517,data/mafw_sample/videos/07524.mp4,90.0,2.0,50.0,45.0,29.97002997002997,3.003,45.0,True,
video_0518,data/mafw_sample/videos/10838.mp4,48.0,2.0,40.0,24.0,23.976,2.002002002002002,24.0,True,
video_0519,data/mafw_sample/videos/07100.mp4,100.0,2.0,50.0,50.0,25.0,4.0,50.0,True,
video_0520,data/mafw_sample/videos/10936.mp4,105.0,3.0,50.0,35.0,23.976023976023978,4.379375,32.0,True,
video_0521,data/mafw_sample/videos/08152.mp4,104.0,3.0,50.0,34.0,30.0,3.466666666666667,28.0,True,
video_0522,data/mafw_sample/videos/04034.mp4,83.0,2.0,50.0,41.0,25.0,3.32,42.0,True,
video_0523,data/mafw_sample/videos/02647.mp4,33.0,2.0,30.0,16.0,25.0,1.32,17.0,True,
video_0524,data/mafw_sample/videos/08093.mp4,76.0,2.0,50.0,38.0,29.96802841918295,2.536036036036036,38.0,True,
video_0525,data/mafw_sample/videos/08483.mp4,58.0,2.0,50.0,29.0,30.0,1.9333333333333333,24.0,True,
video_0526,data/mafw_sample/videos/15353.mp4,66.0,2.0,50.0,33.0,24.0,2.75,33.0,True,
video_0527,data/mafw_sample/videos/00915.mp4,91.0,2.0,50.0,45.0,24.0,3.7916666666666665,43.0,True,
video_0528,data/mafw_sample/videos/10438.mp4,159.0,4.0,50.0,39.0,30.0,5.3,40.0,True,
video_0529,data/mafw_sample/videos/15411.mp4,,,,,,,,False,list index out of range
video_0530,data/mafw_sample/videos/00600.mp4,157.0,4.0,50.0,39.0,23.976023976023978,6.548208333333333,1.0,True,
video_0531,data/mafw_sample/videos/09016.mp4,127.0,3.0,50.0,42.0,30.0,4.233333333333333,43.0,True,
video_0532,data/mafw_sample/videos/08631.mp4,65.0,2.0,50.0,32.0,30.0,2.1666666666666665,8.0,True,
video_0533,data/mafw_sample/videos/10482.mp4,111.0,3.0,50.0,37.0,23.976023976023978,4.629625,32.0,True,
video_0534,data/mafw_sample/videos/10836.mp4,59.0,2.0,50.0,29.0,23.976023976023978,2.4607916666666667,27.0,True,
video_0535,data/mafw_sample/videos/04724.mp4,67.0,2.0,50.0,33.0,29.97002997002997,2.2355666666666667,34.0,True,
video_0536,data/mafw_sample/videos/09678.mp4,335.0,7.0,50.0,47.0,29.9991254919108,11.1669921875,48.0,True,
video_0537,data/mafw_sample/videos/00539.mp4,67.0,2.0,50.0,33.0,23.976023976023978,2.794458333333333,34.0,True,
video_0538,data/mafw_sample/videos/01101.mp4,51.0,2.0,50.0,25.0,24.0,2.125,2.0,True,
video_0539,data/mafw_sample/videos/09433.mp4,105.0,3.0,50.0,35.0,29.96571918297386,3.504004004004004,35.0,True,
video_0540,data/mafw_sample/videos/07207.mp4,,,,,,,,False,list index out of range
video_0541,data/mafw_sample/videos/03987.mp4,97.0,2.0,50.0,48.0,25.0,3.88,49.0,True,
video_0542,data/mafw_sample/videos/09430.mp4,66.0,2.0,50.0,33.0,29.958652025747824,2.203036369703036,33.0,True,
video_0543,data/mafw_sample/videos/03779.mp4,79.0,2.0,50.0,39.0,23.975696510170756,3.2950033366700033,40.0,True,
video_0544,data/mafw_sample/videos/02753.mp4,85.0,2.0,50.0,42.0,25.0,3.4,36.0,True,
video_0545,data/mafw_sample/videos/08665.mp4,51.0,2.0,50.0,25.0,30.0,1.7,26.0,True,
video_0546,data/mafw_sample/videos/03908.mp4,90.0,2.0,50.0,45.0,25.0,3.6,45.0,True,
video_0547,data/mafw_sample/videos/09715.mp4,114.0,3.0,50.0,38.0,30.0,3.8,38.0,True,
video_0548,data/mafw_sample/videos/04527.mp4,75.0,2.0,50.0,37.0,30.0,2.5,35.0,True,
video_0549,data/mafw_sample/videos/04406.mp4,82.0,2.0,50.0,41.0,30.0,2.7333333333333334,37.0,True,
video_0550,data/mafw_sample/videos/10752.mp4,72.0,2.0,50.0,36.0,23.976,3.0030030030030033,36.0,True,
video_0551,data/mafw_sample/videos/01520.mp4,105.0,3.0,50.0,35.0,25.0,4.2,29.0,True,
video_0552,data/mafw_sample/videos/02623.mp4,28.0,2.0,20.0,14.0,23.972575346379088,1.1680013346680014,14.0,True,
video_0553,data/mafw_sample/videos/03052.mp4,62.0,2.0,50.0,31.0,23.976023976023978,2.5859166666666664,31.0,True,
video_0554,data/mafw_sample/videos/05331.mp4,152.0,4.0,50.0,38.0,30.0,5.066666666666666,38.0,True,
video_0555,data/mafw_sample/videos/08784.mp4,89.0,2.0,50.0,44.0,25.0,3.56,45.0,True,
video_0556,data/mafw_sample/videos/07656.mp4,306.0,7.0,50.0,43.0,25.0,12.24,44.0,True,
video_0557,data/mafw_sample/videos/00855.mp4,55.0,2.0,50.0,27.0,23.965285350781535,2.294986235088012,28.0,True,
video_0558,data/mafw_sample/videos/08680.mp4,115.0,3.0,50.0,38.0,28.996552719615536,3.9659886853448274,39.0,True,
video_0559,data/mafw_sample/videos/08614.mp4,76.0,2.0,50.0,38.0,25.0,3.04,38.0,True,
video_0560,data/mafw_sample/videos/01878.mp4,66.0,2.0,50.0,33.0,30.0,2.2,33.0,True,
video_0561,data/mafw_sample/videos/00298.mp4,,,,,,,,False,list index out of range
video_0562,data/mafw_sample/videos/01828.mp4,126.0,3.0,50.0,42.0,23.976023976023978,5.255249999999999,42.0,True,
video_0563,data/mafw_sample/videos/04336.mp4,69.0,2.0,50.0,34.0,23.976023976023978,2.877875,32.0,True,
video_0564,data/mafw_sample/videos/08453.mp4,49.0,2.0,40.0,24.0,29.97,1.6349683016349683,3.0,True,
video_0565,data/mafw_sample/videos/04774.mp4,50.0,1.0,50.0,50.0,25.0,2.0,48.0,True,
video_0566,data/mafw_sample/videos/04505.mp4,71.0,2.0,50.0,35.0,30.0,2.3666666666666667,36.0,True,
video_0567,data/mafw_sample/videos/00877.mp4,55.0,2.0,50.0,27.0,24.0,2.2916666666666665,10.0,True,
video_0568,data/mafw_sample/videos/02287.mp4,70.0,2.0,50.0,35.0,25.0,2.8,16.0,True,
video_0569,data/mafw_sample/videos/04312.mp4,89.0,2.0,50.0,44.0,23.976023976023978,3.7120416666666665,31.0,True,
video_0570,data/mafw_sample/videos/07675.mp4,64.0,2.0,50.0,32.0,23.976023976023978,2.6693333333333333,30.0,True,
video_0571,data/mafw_sample/videos/09101.mp4,46.0,2.0,40.0,23.0,25.0,1.84,23.0,True,
video_0572,data/mafw_sample/videos/20019.mp4,101.0,3.0,50.0,33.0,25.0,4.04,34.0,True,
video_0573,data/mafw_sample/videos/02273.mp4,131.0,3.0,50.0,43.0,25.0,5.24,39.0,True,
video_0574,data/mafw_sample/videos/10783.mp4,48.0,2.0,40.0,24.0,23.976,2.002002002002002,24.0,True,
video_0575,data/mafw_sample/videos/02703.mp4,51.0,2.0,50.0,25.0,25.0,2.04,26.0,True,
video_0576,data/mafw_sample/videos/03753.mp4,89.0,2.0,50.0,44.0,25.0,3.56,44.0,True,
video_0577,data/mafw_sample/videos/00662.mp4,63.0,2.0,50.0,31.0,25.0,2.52,32.0,True,
video_0578,data/mafw_sample/videos/03404.mp4,52.0,2.0,50.0,26.0,23.976023976023978,2.168833333333333,9.0,True,
video_0579,data/mafw_sample/videos/07973.mp4,53.0,2.0,50.0,26.0,29.97002997002997,1.7684333333333333,27.0,True,
video_0580,data/mafw_sample/videos/08353.mp4,134.0,3.0,50.0,44.0,30.0,4.466666666666667,45.0,True,
video_0581,data/mafw_sample/videos/10254.mp4,96.0,2.0,50.0,48.0,23.976,4.004004004004004,13.0,True,
video_0582,data/mafw_sample/videos/02776.mp4,74.0,2.0,50.0,37.0,23.971464857999838,3.087003670337004,37.0,True,
video_0583,data/mafw_sample/videos/03481.mp4,61.0,2.0,50.0,30.0,23.976023976023978,2.544208333333333,31.0,True,
video_0584,data/mafw_sample/videos/07655.mp4,132.0,3.0,50.0,44.0,25.0,5.28,44.0,True,
video_0585,data/mafw_sample/videos/02532.mp4,56.0,2.0,50.0,28.0,23.97590361445783,2.335678391959799,28.0,True,
video_0586,data/mafw_sample/videos/05445.mp4,78.0,2.0,50.0,39.0,25.0,3.12,39.0,True,
video_0587,data/mafw_sample/videos/07315.mp4,179.0,4.0,50.0,44.0,30.0,5.966666666666667,41.0,True,
video_0588,data/mafw_sample/videos/05284.mp4,111.0,3.0,50.0,37.0,29.97002997002997,3.7037,37.0,True,
video_0589,data/mafw_sample/videos/02755.mp4,63.0,2.0,50.0,31.0,25.0,2.52,32.0,True,
video_0590,data/mafw_sample/videos/15231.mp4,92.0,2.0,50.0,46.0,25.0,3.68,39.0,True,
video_0591,data/mafw_sample/videos/03045.mp4,91.0,2.0,50.0,45.0,23.976023976023978,3.795458333333333,45.0,True,
video_0592,data/mafw_sample/videos/02908.mp4,,,,,,,,False,list index out of range
video_0593,data/mafw_sample/videos/04693.mp4,59.0,2.0,50.0,29.0,24.0,2.4583333333333335,30.0,True,
video_0594,data/mafw_sample/videos/02138.mp4,62.0,2.0,50.0,31.0,23.976023976023978,2.5859166666666664,31.0,True,
video_0595,data/mafw_sample/videos/02562.mp4,,,,,,,,False,list index out of range
video_0596,data/mafw_sample/videos/00898.mp4,182.0,4.0,50.0,45.0,23.976023976023978,7.590916666666666,46.0,True,
video_0597,data/mafw_sample/videos/00623.mp4,108.0,3.0,50.0,36.0,23.976023976023978,4.504499999999999,36.0,True,
video_0598,data/mafw_sample/videos/01774.mp4,67.0,2.0,50.0,33.0,23.976023976023978,2.794458333333333,20.0,True,
video_0599,data/mafw_sample/videos/01170.mp4,83.0,2.0,50.0,41.0,23.976023976023978,3.4617916666666666,42.0,True,
video_0600,data/mafw_sample/videos/03538.mp4,56.0,2.0,50.0,28.0,23.976023976023978,2.3356666666666666,1.0,True,
video_0601,data/mafw_sample/videos/00288.mp4,66.0,2.0,50.0,33.0,30.0,2.2,29.0,True,
video_0602,data/mafw_sample/videos/00342.mp4,84.0,2.0,50.0,42.0,25.0,3.36,41.0,True,
video_0603,data/mafw_sample/videos/04873.mp4,133.0,3.0,50.0,44.0,29.97002997002997,4.437766666666667,34.0,True,
video_0604,data/mafw_sample/videos/10262.mp4,144.0,3.0,50.0,48.0,24.0,6.0,41.0,True,
video_0605,data/mafw_sample/videos/04089.mp4,64.0,2.0,50.0,32.0,23.976023976023978,2.6693333333333333,32.0,True,
video_0606,data/mafw_sample/videos/01025.mp4,59.0,2.0,50.0,29.0,24.0,2.4583333333333335,30.0,True,
video_0607,data/mafw_sample/videos/06836.mp4,50.0,1.0,50.0,50.0,25.0,2.0,2.0,True,
video_0608,data/mafw_sample/videos/10594.mp4,48.0,2.0,40.0,24.0,23.976,2.002002002002002,11.0,True,
video_0609,data/mafw_sample/videos/15382.mp4,111.0,3.0,50.0,37.0,30.0,3.7,32.0,True,
video_0610,data/mafw_sample/videos/02041.mp4,116.0,3.0,50.0,38.0,23.976023976023978,4.838166666666666,13.0,True,
video_0611,data/mafw_sample/videos/10895.mp4,100.0,2.0,50.0,50.0,25.0,4.0,2.0,True,
video_0612,data/mafw_sample/videos/08204.mp4,,,,,,,,False,list index out of range
video_0613,data/mafw_sample/videos/01030.mp4,51.0,2.0,50.0,25.0,24.0,2.125,6.0,True,
video_0614,data/mafw_sample/videos/00803.mp4,53.0,2.0,50.0,26.0,25.0,2.12,27.0,True,
video_0615,data/mafw_sample/videos/15086.mp4,,,,,,,,False,list index out of range
video_0616,data/mafw_sample/videos/08957.mp4,111.0,3.0,50.0,37.0,30.0,3.7,37.0,True,
video_0617,data/mafw_sample/videos/08534.mp4,,,,,,,,False,list index out of range
video_0618,data/mafw_sample/videos/08919.mp4,49.0,2.0,40.0,24.0,29.97,1.6349683016349683,25.0,True,
video_0619,data/mafw_sample/videos/01435.mp4,35.0,2.0,30.0,17.0,30.0,1.1666666666666667,18.0,True,
video_0620,data/mafw_sample/videos/08926.mp4,105.0,3.0,50.0,35.0,29.96571918297386,3.504004004004004,12.0,True,
video_0621,data/mafw_sample/videos/11060.mp4,96.0,2.0,50.0,48.0,23.976,4.004004004004004,46.0,True,
video_0622,data/mafw_sample/videos/04592.mp4,198.0,4.0,50.0,49.0,30.0,6.6,50.0,True,
video_0623,data/mafw_sample/videos/02952.mp4,88.0,2.0,50.0,44.0,23.976023976023978,3.6703333333333332,44.0,True,
video_0624,data/mafw_sample/videos/08166.mp4,24.0,2.0,20.0,12.0,23.976,1.001001001001001,8.0,True,
video_0625,data/mafw_sample/videos/07870.mp4,162.0,4.0,50.0,40.0,30.0,5.4,28.0,True,
video_0626,data/mafw_sample/videos/20077.mp4,91.0,2.0,50.0,45.0,25.0,3.64,46.0,True,
video_0627,data/mafw_sample/videos/01198.mp4,68.0,2.0,50.0,34.0,23.976023976023978,2.8361666666666663,34.0,True,
video_0628,data/mafw_sample/videos/03973.mp4,144.0,3.0,50.0,48.0,25.0,5.76,1.0,True,
video_0629,data/mafw_sample/videos/09905.mp4,284.0,6.0,50.0,47.0,29.967362027990493,9.476976976976978,11.0,True,
video_0630,data/mafw_sample/videos/01831.mp4,60.0,2.0,50.0,30.0,23.976023976023978,2.5025,30.0,True,
video_0631,data/mafw_sample/videos/03676.mp4,117.0,3.0,50.0,39.0,23.976023976023978,4.879874999999999,1.0,True,
video_0632,data/mafw_sample/videos/09848.mp4,190.0,4.0,50.0,47.0,23.995979285954867,7.917993166097174,27.0,True,
video_0633,data/mafw_sample/videos/07580.mp4,181.0,4.0,50.0,45.0,25.0,7.24,46.0,True,
video_0634,data/mafw_sample/videos/02838.mp4,91.0,2.0,50.0,45.0,23.976023976023978,3.795458333333333,34.0,True,
video_0635,data/mafw_sample/videos/05409.mp4,154.0,4.0,50.0,38.0,25.0,6.16,36.0,True,
video_0636,data/mafw_sample/videos/01433.mp4,80.0,2.0,50.0,40.0,30.0,2.6666666666666665,40.0,True,
video_0637,data/mafw_sample/videos/10267.mp4,144.0,3.0,50.0,48.0,23.976,6.0060060060060065,48.0,True,
video_0638,data/mafw_sample/videos/06978.mp4,484.0,10.0,50.0,48.0,29.97002997002997,16.149466666666665,15.0,True,
video_0639,data/mafw_sample/videos/09590.mp4,180.0,4.0,50.0,45.0,30.0,6.0,5.0,True,
video_0640,data/mafw_sample/videos/08296.mp4,127.0,3.0,50.0,42.0,23.975811214084928,5.2970053386720055,43.0,True,
video_0641,data/mafw_sample/videos/10133.mp4,76.0,2.0,50.0,38.0,23.976023976023978,3.169833333333333,38.0,True,
video_0642,data/mafw_sample/videos/07765.mp4,102.0,3.0,50.0,34.0,29.964858970274708,3.4039873206539872,32.0,True,
video_0643,data/mafw_sample/videos/01255.mp4,57.0,2.0,50.0,28.0,23.976023976023978,2.377375,28.0,True,
video_0644,data/mafw_sample/videos/15545.mp4,133.0,3.0,50.0,44.0,25.0,5.32,38.0,True,
video_0645,data/mafw_sample/videos/09785.mp4,199.0,4.0,50.0,49.0,23.976043701171875,8.299951504937969,1.0,True,
video_0646,data/mafw_sample/videos/04157.mp4,180.0,4.0,50.0,45.0,23.976023976023978,7.507499999999999,45.0,True,
video_0647,data/mafw_sample/videos/03918.mp4,55.0,2.0,50.0,27.0,23.976023976023978,2.2939583333333333,28.0,True,
video_0648,data/mafw_sample/videos/01695.mp4,155.0,4.0,50.0,38.0,23.976023976023978,6.464791666666666,39.0,True,
video_0649,data/mafw_sample/videos/03242.mp4,49.0,2.0,40.0,24.0,25.0,1.96,18.0,True,
video_0650,data/mafw_sample/videos/03407.mp4,62.0,2.0,50.0,31.0,23.976023976023978,2.5859166666666664,27.0,True,
video_0651,data/mafw_sample/videos/01925.mp4,77.0,2.0,50.0,38.0,25.0,3.08,39.0,True,
video_0652,data/mafw_sample/videos/10944.mp4,96.0,2.0,50.0,48.0,23.976,4.004004004004004,39.0,True,
video_0653,data/mafw_sample/videos/07182.mp4,242.0,5.0,50.0,48.0,29.998789434181536,8.0669921875,43.0,True,
video_0654,data/mafw_sample/videos/09425.mp4,100.0,2.0,50.0,50.0,29.97002997002997,3.336666666666667,50.0,True,
video_0655,data/mafw_sample/videos/02875.mp4,194.0,4.0,50.0,48.0,24.0,8.083333333333334,49.0,True,
video_0656,data/mafw_sample/videos/06858.mp4,,,,,,,,False,list index out of range
video_0657,data/mafw_sample/videos/01522.mp4,66.0,2.0,50.0,33.0,25.0,2.64,19.0,True,
video_0658,data/mafw_sample/videos/09134.mp4,92.0,2.0,50.0,46.0,25.0,3.68,46.0,True,
video_0659,data/mafw_sample/videos/03644.mp4,54.0,2.0,50.0,27.0,23.976023976023978,2.2522499999999996,27.0,True,
video_0660,data/mafw_sample/videos/09793.mp4,43.0,2.0,40.0,21.0,30.0,1.4333333333333333,4.0,True,
video_0661,data/mafw_sample/videos/09944.mp4,75.0,2.0,50.0,37.0,23.969288599192225,3.129004004004004,6.0,True,
video_0662,data/mafw_sample/videos/06945.mp4,359.0,8.0,50.0,44.0,29.97,11.978645311978646,45.0,True,
video_0663,data/mafw_sample/videos/03215.mp4,84.0,2.0,50.0,42.0,23.976023976023978,3.5035,2.0,True,
video_0664,data/mafw_sample/videos/08576.mp4,73.0,2.0,50.0,36.0,30.0,2.433333333333333,23.0,True,
video_0665,data/mafw_sample/videos/03745.mp4,129.0,3.0,50.0,43.0,50.0,2.58,43.0,True,
video_0666,data/mafw_sample/videos/00230.mp4,130.0,3.0,50.0,43.0,23.97590361445783,5.42211055276382,44.0,True,
video_0667,data/mafw_sample/videos/04951.mp4,174.0,4.0,50.0,43.0,29.969138817850062,5.805972639305972,33.0,True,
video_0668,data/mafw_sample/videos/08885.mp4,60.0,2.0,50.0,30.0,29.95502248875562,2.0030030030030033,30.0,True,
video_0669,data/mafw_sample/videos/04345.mp4,88.0,2.0,50.0,44.0,29.97,2.9362696029362696,40.0,True,
video_0670,data/mafw_sample/videos/11083.mp4,52.0,2.0,50.0,26.0,23.976023976023978,2.168833333333333,26.0,True,
video_0671,data/mafw_sample/videos/09952.mp4,52.0,2.0,50.0,26.0,23.976,2.1688355021688355,26.0,True,
video_0672,data/mafw_sample/videos/00370.mp4,48.0,2.0,40.0,24.0,30.0,1.6,22.0,True,
video_0673,data/mafw_sample/videos/00679.mp4,53.0,2.0,50.0,26.0,23.976023976023978,2.2105416666666664,27.0,True,
video_0674,data/mafw_sample/videos/08122.mp4,96.0,2.0,50.0,48.0,29.962197344441552,3.2040373707040373,48.0,True,
video_0675,data/mafw_sample/videos/01002.mp4,76.0,2.0,50.0,38.0,23.974738171675174,3.1700033366700033,38.0,True,
video_0676,data/mafw_sample/videos/00371.mp4,55.0,2.0,50.0,27.0,23.976023976023978,2.2939583333333333,28.0,True,
video_0677,data/mafw_sample/videos/08759.mp4,165.0,4.0,50.0,41.0,29.96727570220889,5.506006006006006,40.0,True,
video_0678,data/mafw_sample/videos/07429.mp4,77.0,2.0,50.0,38.0,29.961245090720244,2.5699866533199867,39.0,True,
video_0679,data/mafw_sample/videos/08140.mp4,37.0,2.0,30.0,18.0,29.959878419452888,1.234984984984985,17.0,True,
video_0680,data/mafw_sample/videos/05736.mp4,600.0,12.0,50.0,50.0,29.97002997002997,20.02,50.0,True,
video_0681,data/mafw_sample/videos/10118.mp4,61.0,2.0,50.0,30.0,23.996926623127163,2.5419921875,8.0,True,
video_0682,data/mafw_sample/videos/08747.mp4,112.0,3.0,50.0,37.0,25.0,4.48,38.0,True,
video_0683,data/mafw_sample/videos/03078.mp4,171.0,4.0,50.0,42.0,25.0,6.84,40.0,True,
video_0684,data/mafw_sample/videos/01622.mp4,106.0,3.0,50.0,35.0,30.0,3.533333333333333,33.0,True,
video_0685,data/mafw_sample/videos/00831.mp4,68.0,2.0,50.0,34.0,25.0,2.72,14.0,True,
video_0686,data/mafw_sample/videos/07618.mp4,262.0,6.0,50.0,43.0,25.0,10.48,44.0,True,
video_0687,data/mafw_sample/videos/07325.mp4,57.0,2.0,50.0,28.0,25.0,2.28,15.0,True,
video_0688,data/mafw_sample/videos/05334.mp4,163.0,4.0,50.0,40.0,30.0,5.433333333333334,36.0,True,
video_0689,data/mafw_sample/videos/10841.mp4,72.0,2.0,50.0,36.0,23.976,3.0030030030030033,35.0,True,
video_0690,data/mafw_sample/videos/11136.mp4,72.0,2.0,50.0,36.0,30.0,2.4,31.0,True,
video_0691,data/mafw_sample/videos/03969.mp4,95.0,2.0,50.0,47.0,23.971710325520696,3.9630046713380045,48.0,True,
video_0692,data/mafw_sample/videos/08374.mp4,54.0,2.0,50.0,27.0,29.97,1.8018018018018018,4.0,True,
video_0693,data/mafw_sample/videos/02249.mp4,60.0,2.0,50.0,30.0,23.976023976023978,2.5025,30.0,True,
video_0694,data/mafw_sample/videos/05254.mp4,128.0,3.0,50.0,42.0,30.0,4.266666666666667,43.0,True,
video_0695,data/mafw_sample/videos/09805.mp4,22.0,2.0,20.0,11.0,23.96510676965016,0.9180013346680014,8.0,True,
video_0696,data/mafw_sample/videos/03560.mp4,63.0,2.0,50.0,31.0,23.976023976023978,2.6276249999999997,30.0,True,
video_0697,data/mafw_sample/videos/04512.mp4,67.0,2.0,50.0,33.0,25.0,2.68,33.0,True,
video_0698,data/mafw_sample/videos/15149.mp4,65.0,2.0,50.0,32.0,23.976,2.7110443777110445,8.0,True,
video_0699,data/mafw_sample/videos/10533.mp4,72.0,2.0,50.0,36.0,23.976,3.0030030030030033,1.0,True,
video_0700,data/mafw_sample/videos/00311.mp4,94.0,2.0,50.0,47.0,23.976023976023978,3.920583333333333,47.0,True,
video_0701,data/mafw_sample/videos/01606.mp4,55.0,2.0,50.0,27.0,23.976023976023978,2.2939583333333333,28.0,True,
video_0702,data/mafw_sample/videos/00574.mp4,78.0,2.0,50.0,39.0,23.970468353456894,3.254004004004004,39.0,True,
video_0703,data/mafw_sample/videos/10321.mp4,48.0,2.0,40.0,24.0,24.0,2.0,20.0,True,
video_0704,data/mafw_sample/videos/01722.mp4,230.0,5.0,50.0,46.0,25.0,9.2,46.0,True,
video_0705,data/mafw_sample/videos/02475.mp4,69.0,2.0,50.0,34.0,25.0,2.76,35.0,True,
video_0706,data/mafw_sample/videos/06931.mp4,105.0,3.0,50.0,35.0,29.97002997002997,3.5035000000000003,22.0,True,
video_0707,data/mafw_sample/videos/09691.mp4,101.0,3.0,50.0,33.0,29.997099599744764,3.3669921875,34.0,True,
video_0708,data/mafw_sample/videos/00442.mp4,137.0,3.0,50.0,45.0,30.0,4.566666666666666,46.0,True,
video_0709,data/mafw_sample/videos/09940.mp4,85.0,2.0,50.0,42.0,23.976023976023978,3.545208333333333,37.0,True,
video_0710,data/mafw_sample/videos/08710.mp4,135.0,3.0,50.0,45.0,29.97002997002997,4.5045,45.0,True,
video_0711,data/mafw_sample/videos/02385.mp4,71.0,2.0,50.0,35.0,23.976023976023978,2.9612916666666664,32.0,True,
video_0712,data/mafw_sample/videos/00541.mp4,62.0,2.0,50.0,31.0,23.976023976023978,2.5859166666666664,31.0,True,
video_0713,data/mafw_sample/videos/07793.mp4,94.0,2.0,50.0,47.0,29.965218316226135,3.13697030363697,47.0,True,
video_0714,data/mafw_sample/videos/02062.mp4,55.0,2.0,50.0,27.0,23.976023976023978,2.2939583333333333,28.0,True,
video_0715,data/mafw_sample/videos/03282.mp4,100.0,2.0,50.0,50.0,25.0,4.0,50.0,True,
video_0716,data/mafw_sample/videos/05300.mp4,202.0,5.0,50.0,40.0,30.0,6.733333333333333,41.0,True,
video_0717,data/mafw_sample/videos/15044.mp4,65.0,2.0,50.0,32.0,23.96751918551897,2.712003670337004,33.0,True,
video_0718,data/mafw_sample/videos/05769.mp4,114.0,3.0,50.0,38.0,23.977134471718248,4.754529784802535,38.0,True,
video_0719,data/mafw_sample/videos/00439.mp4,140.0,3.0,50.0,46.0,30.0,4.666666666666667,47.0,True,
video_0720,data/mafw_sample/videos/05370.mp4,171.0,4.0,50.0,42.0,29.97002997002997,5.7057,17.0,True,
video_0721,data/mafw_sample/videos/04904.mp4,183.0,4.0,50.0,45.0,30.0,6.1,46.0,True,
video_0722,data/mafw_sample/videos/02053.mp4,108.0,3.0,50.0,36.0,23.976,4.504504504504505,36.0,True,
video_0723,data/mafw_sample/videos/04535.mp4,57.0,2.0,50.0,28.0,25.0,2.28,29.0,True,
video_0724,data/mafw_sample/videos/15551.mp4,170.0,4.0,50.0,42.0,25.0,6.8,36.0,True,
video_0725,data/mafw_sample/videos/01785.mp4,162.0,4.0,50.0,40.0,24.0,6.75,41.0,True,
video_0726,data/mafw_sample/videos/10275.mp4,96.0,2.0,50.0,48.0,23.976,4.004004004004004,48.0,True,
video_0727,data/mafw_sample/videos/08427.mp4,64.0,2.0,50.0,32.0,29.96297742716551,2.1359693026359694,32.0,True,
video_0728,data/mafw_sample/videos/08009.mp4,141.0,3.0,50.0,47.0,23.976023976023978,5.880875,23.0,True,
video_0729,data/mafw_sample/videos/03391.mp4,84.0,2.0,50.0,42.0,29.97002997002997,2.8028,36.0,True,
video_0730,data/mafw_sample/videos/00974.mp4,80.0,2.0,50.0,40.0,23.973602639736026,3.337003670337004,40.0,True,
video_0731,data/mafw_sample/videos/06929.mp4,130.0,3.0,50.0,43.0,29.967694792708254,4.3380046713380045,14.0,True,
video_0732,data/mafw_sample/videos/00713.mp4,115.0,3.0,50.0,38.0,23.973289975915765,4.7970053386720055,39.0,True,
video_0733,data/mafw_sample/videos/01698.mp4,105.0,3.0,50.0,35.0,23.972488596432754,4.380020855057351,35.0,True,
video_0734,data/mafw_sample/videos/11080.mp4,38.0,2.0,30.0,19.0,23.976023976023978,1.5849166666666665,17.0,True,
video_0735,data/mafw_sample/videos/00253.mp4,72.0,2.0,50.0,36.0,30.0,2.4,36.0,True,
video_0736,data/mafw_sample/videos/04753.mp4,62.0,2.0,50.0,31.0,25.0,2.48,31.0,True,
video_0737,data/mafw_sample/videos/07296.mp4,69.0,2.0,50.0,34.0,29.961315560707042,2.3029696363029695,35.0,True,
video_0738,data/mafw_sample/videos/03430.mp4,101.0,3.0,50.0,33.0,23.97338903683757,4.213004671338005,34.0,True,
video_0739,data/mafw_sample/videos/10561.mp4,175.0,4.0,50.0,43.0,25.0,7.0,44.0,True,
video_0740,data/mafw_sample/videos/07288.mp4,55.0,2.0,50.0,27.0,29.9563834620627,1.8360026693360025,15.0,True,
video_0741,data/mafw_sample/videos/09225.mp4,94.0,2.0,50.0,47.0,29.97002997002997,3.1364666666666667,18.0,True,
video_0742,data/mafw_sample/videos/10260.mp4,142.0,3.0,50.0,47.0,23.97431166819238,5.923006339673006,48.0,True,
video_0743,data/mafw_sample/videos/08589.mp4,41.0,2.0,40.0,20.0,23.962557589644835,1.7110026693360025,14.0,True,
video_0744,data/mafw_sample/videos/10426.mp4,45.0,2.0,40.0,22.0,23.974401706552896,1.877002002002002,17.0,True,
video_0745,data/mafw_sample/videos/04607.mp4,54.0,2.0,50.0,27.0,30.0,1.8,26.0,True,
video_0746,data/mafw_sample/videos/02854.mp4,120.0,3.0,50.0,40.0,25.0,4.8,40.0,True,
video_0747,data/mafw_sample/videos/03212.mp4,48.0,2.0,40.0,24.0,23.964017991004496,2.0030030030030033,24.0,True,
video_0748,data/mafw_sample/videos/09925.mp4,56.0,2.0,50.0,28.0,24.0,2.3333333333333335,28.0,True,
video_0749,data/mafw_sample/videos/09840.mp4,112.0,3.0,50.0,37.0,23.998326009625444,4.6669921875,32.0,True,
video_0750,data/mafw_sample/videos/04582.mp4,85.0,2.0,50.0,42.0,30.0,2.8333333333333335,11.0,True,
video_0751,data/mafw_sample/videos/11207.mp4,44.0,2.0,40.0,22.0,25.0,1.76,22.0,True,
video_0752,data/mafw_sample/videos/09570.mp4,,,,,,,,False,list index out of range
video_0753,data/mafw_sample/videos/09040.mp4,77.0,2.0,50.0,38.0,29.961245090720244,2.5699866533199867,19.0,True,
video_0754,data/mafw_sample/videos/01474.mp4,54.0,2.0,50.0,27.0,23.976023976023978,2.2522499999999996,27.0,True,
video_0755,data/mafw_sample/videos/10162.mp4,76.0,2.0,50.0,38.0,23.976023976023978,3.169833333333333,2.0,True,
video_0756,data/mafw_sample/videos/03421.mp4,68.0,2.0,50.0,34.0,23.976023976023978,2.8361666666666663,34.0,True,
video_0757,data/mafw_sample/videos/10353.mp4,84.0,2.0,50.0,42.0,24.0,3.5,42.0,True,
video_0758,data/mafw_sample/videos/04122.mp4,74.0,2.0,50.0,37.0,23.976023976023978,3.0864166666666666,37.0,True,
video_0759,data/mafw_sample/videos/08627.mp4,135.0,3.0,50.0,45.0,29.97002997002997,4.5045,45.0,True,
video_0760,data/mafw_sample/videos/05936.mp4,87.0,2.0,50.0,43.0,25.0,3.48,44.0,True,
video_0761,data/mafw_sample/videos/09366.mp4,55.0,2.0,50.0,27.0,30.0,1.8333333333333333,28.0,True,
video_0762,data/mafw_sample/videos/04870.mp4,178.0,4.0,50.0,44.0,29.97002997002997,5.939266666666667,43.0,True,
video_0763,data/mafw_sample/videos/06993.mp4,78.0,2.0,50.0,39.0,23.970468353456894,3.254004004004004,36.0,True,
video_0764,data/mafw_sample/videos/06851.mp4,73.0,2.0,50.0,36.0,23.997431781701444,3.0419921875,26.0,True,
video_0765,data/mafw_sample/videos/08595.mp4,50.0,1.0,50.0,50.0,30.0,1.6666666666666667,50.0,True,
video_0766,data/mafw_sample/videos/01917.mp4,159.0,4.0,50.0,39.0,25.0,6.36,40.0,True,
video_0767,data/mafw_sample/videos/07780.mp4,73.0,2.0,50.0,36.0,25.0,2.92,37.0,True,
video_0768,data/mafw_sample/videos/05718.mp4,234.0,5.0,50.0,46.0,30.0,7.8,30.0,True,
video_0769,data/mafw_sample/videos/02681.mp4,,,,,,,,False,list index out of range
video_0770,data/mafw_sample/videos/05037.mp4,545.0,11.0,50.0,49.0,30.0,18.166666666666668,50.0,True,
video_0771,data/mafw_sample/videos/08633.mp4,79.0,2.0,50.0,39.0,30.0,2.6333333333333333,39.0,True,
video_0772,data/mafw_sample/videos/15145.mp4,189.0,4.0,50.0,47.0,24.0,7.875,48.0,True,
video_0773,data/mafw_sample/videos/09969.mp4,44.0,2.0,40.0,22.0,23.96523418638339,1.8359929078014183,22.0,True,
video_0774,data/mafw_sample/videos/07149.mp4,75.0,2.0,50.0,37.0,23.969288599192225,3.129004004004004,38.0,True,
video_0775,data/mafw_sample/videos/00324.mp4,114.0,3.0,50.0,38.0,24.212389380530972,4.708333333333334,9.0,True,
video_0776,data/mafw_sample/videos/02431.mp4,86.0,2.0,50.0,43.0,23.976023976023978,3.5869166666666663,41.0,True,
video_0777,data/mafw_sample/videos/00229.mp4,186.0,4.0,50.0,46.0,30.0,6.2,47.0,True,
video_0778,data/mafw_sample/videos/05579.mp4,95.0,2.0,50.0,47.0,29.97002997002997,3.1698333333333335,48.0,True,
video_0779,data/mafw_sample/videos/00513.mp4,120.0,3.0,50.0,40.0,23.976023976023978,5.005,40.0,True,
video_0780,data/mafw_sample/videos/01090.mp4,78.0,2.0,50.0,39.0,23.976023976023978,3.25325,20.0,True,
video_0781,data/mafw_sample/videos/01410.mp4,145.0,3.0,50.0,48.0,30.0,4.833333333333333,14.0,True,
video_0782,data/mafw_sample/videos/07536.mp4,95.0,2.0,50.0,47.0,30.0,3.1666666666666665,26.0,True,
video_0783,data/mafw_sample/videos/11238.mp4,91.0,2.0,50.0,45.0,24.0,3.7916666666666665,46.0,True,
video_0784,data/mafw_sample/videos/07466.mp4,85.0,2.0,50.0,42.0,25.0,3.4,26.0,True,
video_0785,data/mafw_sample/videos/01214.mp4,129.0,3.0,50.0,43.0,23.976023976023978,5.380375,43.0,True,
video_0786,data/mafw_sample/videos/05032.mp4,44.0,2.0,40.0,22.0,29.993343096791374,1.4669921874999998,22.0,True,
video_0787,data/mafw_sample/videos/07151.mp4,600.0,12.0,50.0,50.0,30.0,20.0,45.0,True,
video_0788,data/mafw_sample/videos/01070.mp4,54.0,2.0,50.0,27.0,23.976023976023978,2.2522499999999996,1.0,True,
video_0789,data/mafw_sample/videos/10980.mp4,144.0,3.0,50.0,48.0,23.976,6.0060060060060065,42.0,True,
video_0790,data/mafw_sample/videos/04139.mp4,90.0,2.0,50.0,45.0,25.0,3.6,45.0,True,
video_0791,data/mafw_sample/videos/10853.mp4,144.0,3.0,50.0,48.0,23.976,6.0060060060060065,48.0,True,
video_0792,data/mafw_sample/videos/00313.mp4,68.0,2.0,50.0,34.0,24.35820895522388,2.791666666666667,8.0,True,
video_0793,data/mafw_sample/videos/09762.mp4,51.0,2.0,50.0,25.0,30.0,1.7,11.0,True,
video_0794,data/mafw_sample/videos/15304.mp4,132.0,3.0,50.0,44.0,25.0,5.28,27.0,True,
video_0795,data/mafw_sample/videos/04166.mp4,63.0,2.0,50.0,31.0,24.32900432900433,2.5895017793594306,32.0,True,
video_0796,data/mafw_sample/videos/01009.mp4,51.0,2.0,50.0,25.0,24.0,2.125,26.0,True,
video_0797,data/mafw_sample/videos/07247.mp4,97.0,2.0,50.0,48.0,29.966138384228838,3.2369869869869867,1.0,True,
video_0798,data/mafw_sample/videos/04142.mp4,50.0,1.0,50.0,50.0,25.0,2.0,37.0,True,
video_0799,data/mafw_sample/videos/05738.mp4,499.0,10.0,50.0,49.0,25.0,19.96,50.0,True,
video_0800,data/mafw_sample/videos/15506.mp4,20.0,1.0,20.0,20.0,23.952047952047952,0.8350016683350017,20.0,True,
video_0801,data/mafw_sample/videos/01684.mp4,91.0,2.0,50.0,45.0,23.972575346379088,3.7960043376710044,46.0,True,
video_0802,data/mafw_sample/videos/04131.mp4,,,,,,,,False,list index out of range
video_0803,data/mafw_sample/videos/01225.mp4,73.0,2.0,50.0,36.0,23.976023976023978,3.044708333333333,37.0,True,
video_0804,data/mafw_sample/videos/06856.mp4,79.0,2.0,50.0,39.0,29.97,2.6359693026359694,24.0,True,
video_0805,data/mafw_sample/videos/05433.mp4,258.0,6.0,50.0,43.0,30.0,8.6,43.0,True,
video_0806,data/mafw_sample/videos/08825.mp4,68.0,2.0,50.0,34.0,29.97002997002997,2.2689333333333335,27.0,True,
video_0807,data/mafw_sample/videos/05704.mp4,600.0,12.0,50.0,50.0,29.97002997002997,20.02,50.0,True,
video_0808,data/mafw_sample/videos/05730.mp4,79.0,2.0,50.0,39.0,29.97,2.6359693026359694,40.0,True,
video_0809,data/mafw_sample/videos/15590.mp4,85.0,2.0,50.0,42.0,30.0,2.8333333333333335,42.0,True,
video_0810,data/mafw_sample/videos/15339.mp4,97.0,2.0,50.0,48.0,25.0,3.88,49.0,True,
video_0811,data/mafw_sample/videos/07982.mp4,43.0,2.0,40.0,21.0,29.96477358600244,1.4350183516850183,22.0,True,
video_0812,data/mafw_sample/videos/05199.mp4,500.0,10.0,50.0,50.0,25.0,20.0,50.0,True,
video_0813,data/mafw_sample/videos/02299.mp4,82.0,2.0,50.0,41.0,25.0,3.28,15.0,True,
video_0814,data/mafw_sample/videos/01793.mp4,93.0,2.0,50.0,46.0,24.0,3.875,47.0,True,
video_0815,data/mafw_sample/videos/15476.mp4,66.0,2.0,50.0,33.0,23.973820561767113,2.753003003003003,32.0,True,
video_0816,data/mafw_sample/videos/05194.mp4,93.0,2.0,50.0,46.0,25.0,3.72,23.0,True,
video_0817,data/mafw_sample/videos/07082.mp4,86.0,2.0,50.0,43.0,23.97544243157136,3.5870036703370034,42.0,True,
video_0818,data/mafw_sample/videos/05838.mp4,68.0,2.0,50.0,34.0,23.976023976023978,2.8361666666666663,34.0,True,
video_0819,data/mafw_sample/videos/03706.mp4,131.0,3.0,50.0,43.0,23.976023976023978,5.463791666666666,42.0,True,
video_0820,data/mafw_sample/videos/02001.mp4,71.0,2.0,50.0,35.0,25.0,2.84,36.0,True,
video_0821,data/mafw_sample/videos/07543.mp4,51.0,2.0,50.0,25.0,23.966131592873523,2.128003003003003,24.0,True,
video_0822,data/mafw_sample/videos/09429.mp4,82.0,2.0,50.0,41.0,29.95995245496937,2.736986986986987,41.0,True,
video_0823,data/mafw_sample/videos/06801.mp4,135.0,3.0,50.0,45.0,29.966670369958894,4.505005005005005,17.0,True,
video_0824,data/mafw_sample/videos/08974.mp4,50.0,1.0,50.0,50.0,25.0,2.0,48.0,True,
video_0825,data/mafw_sample/videos/04893.mp4,145.0,3.0,50.0,48.0,29.97002997002997,4.838166666666667,49.0,True,
video_0826,data/mafw_sample/videos/07163.mp4,92.0,2.0,50.0,46.0,25.0,3.68,43.0,True,
video_0827,data/mafw_sample/videos/05751.mp4,600.0,12.0,50.0,50.0,29.97002997002997,20.02,50.0,True,
video_0828,data/mafw_sample/videos/10534.mp4,72.0,2.0,50.0,36.0,23.976,3.0030030030030033,29.0,True,
video_0829,data/mafw_sample/videos/10885.mp4,144.0,3.0,50.0,48.0,23.976,6.0060060060060065,40.0,True,
video_0830,data/mafw_sample/videos/02063.mp4,58.0,2.0,50.0,29.0,23.976023976023978,2.419083333333333,29.0,True,
video_0831,data/mafw_sample/videos/04475.mp4,62.0,2.0,50.0,31.0,30.0,2.066666666666667,31.0,True,
video_0832,data/mafw_sample/videos/10900.mp4,144.0,3.0,50.0,48.0,24.0,6.0,48.0,True,
video_0833,data/mafw_sample/videos/04953.mp4,136.0,3.0,50.0,45.0,29.97002997002997,4.537866666666667,45.0,True,
video_0834,data/mafw_sample/videos/15236.mp4,64.0,2.0,50.0,32.0,23.976023976023978,2.6693333333333333,32.0,True,
video_0835,data/mafw_sample/videos/02496.mp4,70.0,2.0,50.0,35.0,23.976023976023978,2.919583333333333,35.0,True,
video_0836,data/mafw_sample/videos/04942.mp4,144.0,3.0,50.0,48.0,25.0,5.76,48.0,True,
video_0837,data/mafw_sample/videos/03910.mp4,52.0,2.0,50.0,26.0,25.0,2.08,26.0,True,
video_0838,data/mafw_sample/videos/01309.mp4,58.0,2.0,50.0,29.0,30.0,1.9333333333333333,29.0,True,
video_0839,data/mafw_sample/videos/10797.mp4,59.0,2.0,50.0,29.0,23.976023976023978,2.4607916666666667,30.0,True,
video_0840,data/mafw_sample/videos/08953.mp4,92.0,2.0,50.0,46.0,29.97002997002997,3.069733333333333,7.0,True,
video_0841,data/mafw_sample/videos/11235.mp4,72.0,2.0,50.0,36.0,23.976,3.0030030030030033,18.0,True,
video_0842,data/mafw_sample/videos/02557.mp4,65.0,2.0,50.0,32.0,25.0,2.6,33.0,True,
video_0843,data/mafw_sample/videos/01187.mp4,68.0,2.0,50.0,34.0,23.976023976023978,2.8361666666666663,12.0,True,
video_0844,data/mafw_sample/videos/08081.mp4,112.0,3.0,50.0,37.0,23.967506092607636,4.67299349240781,30.0,True,
video_0845,data/mafw_sample/videos/07608.mp4,88.0,2.0,50.0,44.0,25.0,3.52,44.0,True,
video_0846,data/mafw_sample/videos/07739.mp4,203.0,5.0,50.0,40.0,25.0,8.12,41.0,True,
video_0847,data/mafw_sample/videos/02808.mp4,76.0,2.0,50.0,38.0,25.0,3.04,38.0,True,
video_0848,data/mafw_sample/videos/03838.mp4,64.0,2.0,50.0,32.0,24.0,2.6666666666666665,24.0,True,
video_0849,data/mafw_sample/videos/04900.mp4,106.0,3.0,50.0,35.0,30.0,3.533333333333333,34.0,True,
video_0850,data/mafw_sample/videos/08396.mp4,46.0,2.0,40.0,23.0,29.966742745353766,1.535035035035035,23.0,True,
video_0851,data/mafw_sample/videos/03860.mp4,56.0,2.0,50.0,28.0,23.972575346379088,2.3360026693360028,28.0,True,
video_0852,data/mafw_sample/videos/01458.mp4,64.0,2.0,50.0,32.0,23.976023976023978,2.6693333333333333,32.0,True,
video_0853,data/mafw_sample/videos/04888.mp4,118.0,3.0,50.0,39.0,25.0,4.72,40.0,True,
video_0854,data/mafw_sample/videos/10091.mp4,43.0,2.0,40.0,21.0,25.0,1.72,22.0,True,
video_0855,data/mafw_sample/videos/03479.mp4,84.0,2.0,50.0,42.0,23.976023976023978,3.5035,42.0,True,
video_0856,data/mafw_sample/videos/15297.mp4,110.0,3.0,50.0,36.0,30.0,3.6666666666666665,37.0,True,
video_0857,data/mafw_sample/videos/10149.mp4,48.0,2.0,40.0,24.0,24.0,2.0,24.0,True,
video_0858,data/mafw_sample/videos/05411.mp4,335.0,7.0,50.0,47.0,29.966926557854645,11.178990923651895,48.0,True,
video_0859,data/mafw_sample/videos/05005.mp4,213.0,5.0,50.0,42.0,29.97002997002997,7.1071,43.0,True,
video_0860,data/mafw_sample/videos/07004.mp4,69.0,2.0,50.0,34.0,23.0,3.0,35.0,True,
video_0861,data/mafw_sample/videos/04165.mp4,,,,,,,,False,list index out of range
video_0862,data/mafw_sample/videos/08391.mp4,110.0,3.0,50.0,36.0,29.96445874578459,3.6710157501334755,3.0,True,
video_0863,data/mafw_sample/videos/05944.mp4,103.0,3.0,50.0,34.0,29.96781787733903,3.43702035368702,35.0,True,
video_0864,data/mafw_sample/videos/01371.mp4,83.0,2.0,50.0,41.0,30.0,2.7666666666666666,37.0,True,
video_0865,data/mafw_sample/videos/04302.mp4,76.0,2.0,50.0,38.0,23.976023976023978,3.169833333333333,31.0,True,
video_0866,data/mafw_sample/videos/07294.mp4,108.0,3.0,50.0,36.0,29.966531651429232,3.6040206873540206,4.0,True,
video_0867,data/mafw_sample/videos/03524.mp4,66.0,2.0,50.0,33.0,23.976023976023978,2.75275,33.0,True,
video_0868,data/mafw_sample/videos/02893.mp4,81.0,2.0,50.0,40.0,25.0,3.24,41.0,True,
video_0869,data/mafw_sample/videos/10794.mp4,48.0,2.0,40.0,24.0,23.976,2.002002002002002,20.0,True,
video_0870,data/mafw_sample/videos/08648.mp4,126.0,3.0,50.0,42.0,25.0,5.04,18.0,True,
video_0871,data/mafw_sample/videos/03571.mp4,60.0,2.0,50.0,30.0,24.0,2.5,10.0,True,
video_0872,data/mafw_sample/videos/04937.mp4,96.0,2.0,50.0,48.0,24.0,4.0,48.0,True,
video_0873,data/mafw_sample/videos/01895.mp4,57.0,2.0,50.0,28.0,23.976023976023978,2.377375,29.0,True,
video_0874,data/mafw_sample/videos/07755.mp4,100.0,2.0,50.0,50.0,25.0,4.0,50.0,True,
video_0875,data/mafw_sample/videos/15084.mp4,52.0,2.0,50.0,26.0,24.0,2.1666666666666665,21.0,True,
video_0876,data/mafw_sample/videos/01005.mp4,153.0,4.0,50.0,38.0,23.976023976023978,6.381374999999999,28.0,True,
video_0877,data/mafw_sample/videos/02430.mp4,146.0,3.0,50.0,48.0,23.976023976023978,6.089416666666666,45.0,True,
video_0878,data/mafw_sample/videos/08819.mp4,77.0,2.0,50.0,38.0,30.0,2.566666666666667,31.0,True,
video_0879,data/mafw_sample/videos/01859.mp4,77.0,2.0,50.0,38.0,23.976023976023978,3.2115416666666663,39.0,True,
video_0880,data/mafw_sample/videos/03989.mp4,285.0,6.0,50.0,47.0,25.0,11.4,48.0,True,
video_0881,data/mafw_sample/videos/05111.mp4,115.0,3.0,50.0,38.0,30.0,3.8333333333333335,39.0,True,
video_0882,data/mafw_sample/videos/09179.mp4,52.0,2.0,50.0,26.0,29.954158858296093,1.735985985985986,13.0,True,
video_0883,data/mafw_sample/videos/07753.mp4,88.0,2.0,50.0,44.0,25.0,3.52,44.0,True,
video_0884,data/mafw_sample/videos/01944.mp4,89.0,2.0,50.0,44.0,23.976023976023978,3.7120416666666665,45.0,True,
video_0885,data/mafw_sample/videos/15429.mp4,275.0,6.0,50.0,45.0,23.976023976023978,11.469791666666666,44.0,True,
video_0886,data/mafw_sample/videos/04367.mp4,136.0,3.0,50.0,45.0,25.0,5.44,46.0,True,
video_0887,data/mafw_sample/videos/10716.mp4,72.0,2.0,50.0,36.0,23.976,3.0030030030030033,34.0,True,
video_0888,data/mafw_sample/videos/08231.mp4,46.0,2.0,40.0,23.0,25.0,1.84,12.0,True,
video_0889,data/mafw_sample/videos/11015.mp4,209.0,5.0,50.0,41.0,23.976023976023978,8.717041666666667,42.0,True,
video_0890,data/mafw_sample/videos/11191.mp4,72.0,2.0,50.0,36.0,23.976,3.0030030030030033,36.0,True,
video_0891,data/mafw_sample/videos/08359.mp4,96.0,2.0,50.0,48.0,23.976023976023978,4.004,48.0,True,
video_0892,data/mafw_sample/videos/03115.mp4,76.0,2.0,50.0,38.0,23.976023976023978,3.169833333333333,25.0,True,
video_0893,data/mafw_sample/videos/09442.mp4,52.0,2.0,50.0,26.0,30.0,1.7333333333333334,26.0,True,
video_0894,data/mafw_sample/videos/07937.mp4,63.0,2.0,50.0,31.0,25.0,2.52,32.0,True,
video_0895,data/mafw_sample/videos/02910.mp4,83.0,2.0,50.0,41.0,23.974555749653636,3.4620036703370034,42.0,True,
video_0896,data/mafw_sample/videos/01403.mp4,54.0,2.0,50.0,27.0,23.976023976023978,2.2522499999999996,26.0,True,
video_0897,data/mafw_sample/videos/08679.mp4,125.0,3.0,50.0,41.0,25.0,5.0,40.0,True,
video_0898,data/mafw_sample/videos/05089.mp4,133.0,3.0,50.0,44.0,29.97002997002997,4.437766666666667,5.0,True,
video_0899,data/mafw_sample/videos/04824.mp4,107.0,3.0,50.0,35.0,29.97002997002997,3.5702333333333334,16.0,True,
video_0900,data/mafw_sample/videos/04357.mp4,69.0,2.0,50.0,34.0,30.0,2.3,20.0,True,
video_0901,data/mafw_sample/videos/10581.mp4,50.0,1.0,50.0,50.0,25.0,2.0,44.0,True,
video_0902,data/mafw_sample/videos/02000.mp4,140.0,3.0,50.0,46.0,25.0,5.6,47.0,True,
video_0903,data/mafw_sample/videos/10326.mp4,48.0,2.0,40.0,24.0,23.976,2.002002002002002,23.0,True,
video_0904,data/mafw_sample/videos/10766.mp4,164.0,4.0,50.0,41.0,23.976023976023978,6.840166666666666,5.0,True,
video_0905,data/mafw_sample/videos/08730.mp4,89.0,2.0,50.0,44.0,30.0,2.966666666666667,35.0,True,
video_0906,data/mafw_sample/videos/04725.mp4,52.0,2.0,50.0,26.0,29.97002997002997,1.7350666666666668,24.0,True,
video_0907,data/mafw_sample/videos/04872.mp4,138.0,3.0,50.0,46.0,24.0,5.75,36.0,True,
video_0908,data/mafw_sample/videos/08243.mp4,79.0,2.0,50.0,39.0,30.0,2.6333333333333333,40.0,True,
video_0909,data/mafw_sample/videos/02064.mp4,50.0,1.0,50.0,50.0,23.976023976023978,2.0854166666666667,50.0,True,
video_0910,data/mafw_sample/videos/09359.mp4,70.0,2.0,50.0,35.0,29.97002997002997,2.3356666666666666,35.0,True,
video_0911,data/mafw_sample/videos/04862.mp4,133.0,3.0,50.0,44.0,29.833,4.458150370395201,45.0,True,
video_0912,data/mafw_sample/videos/01370.mp4,72.0,2.0,50.0,36.0,30.0,2.4,35.0,True,
video_0913,data/mafw_sample/videos/09188.mp4,54.0,2.0,50.0,27.0,29.97,1.8018018018018018,9.0,True,
video_0914,data/mafw_sample/videos/07630.mp4,169.0,4.0,50.0,42.0,25.0,6.76,43.0,True,
video_0915,data/mafw_sample/videos/02294.mp4,76.0,2.0,50.0,38.0,25.0,3.04,20.0,True,
video_0916,data/mafw_sample/videos/02223.mp4,70.0,2.0,50.0,35.0,25.0,2.8,35.0,True,
video_0917,data/mafw_sample/videos/05060.mp4,53.0,2.0,50.0,26.0,29.97002997002997,1.7684333333333333,27.0,True,
video_0918,data/mafw_sample/videos/05819.mp4,71.0,2.0,50.0,35.0,29.97002997002997,2.3690333333333333,36.0,True,
video_0919,data/mafw_sample/videos/04702.mp4,114.0,3.0,50.0,38.0,29.97002997002997,3.8038,32.0,True,
video_0920,data/mafw_sample/videos/08161.mp4,53.0,2.0,50.0,26.0,23.976,2.210543877210544,27.0,True,
video_0921,data/mafw_sample/videos/10633.mp4,96.0,2.0,50.0,48.0,23.976,4.004004004004004,45.0,True,
video_0922,data/mafw_sample/videos/15543.mp4,80.0,2.0,50.0,40.0,24.0,3.3333333333333335,28.0,True,
video_0923,data/mafw_sample/videos/10964.mp4,,,,,,,,False,list index out of range
video_0924,data/mafw_sample/videos/00024.mp4,55.0,2.0,50.0,27.0,25.427442071785553,2.163017414206533,25.0,True,
video_0925,data/mafw_sample/videos/10576.mp4,205.0,5.0,50.0,41.0,23.976023976023978,8.550208333333332,37.0,True,
video_0926,data/mafw_sample/videos/05061.mp4,283.0,6.0,50.0,47.0,29.97002997002997,9.442766666666667,48.0,True,
video_0927,data/mafw_sample/videos/08430.mp4,52.0,2.0,50.0,26.0,29.954158858296093,1.735985985985986,3.0,True,
video_0928,data/mafw_sample/videos/04010.mp4,60.0,2.0,50.0,30.0,25.0,2.4,30.0,True,
video_0929,data/mafw_sample/videos/07726.mp4,52.0,2.0,50.0,26.0,25.0,2.08,26.0,True,
video_0930,data/mafw_sample/videos/05734.mp4,115.0,3.0,50.0,38.0,25.0,4.6,39.0,True,
video_0931,data/mafw_sample/videos/01702.mp4,67.0,2.0,50.0,33.0,23.976023976023978,2.794458333333333,7.0,True,
video_0932,data/mafw_sample/videos/03035.mp4,123.0,3.0,50.0,41.0,25.0,4.92,41.0,True,
video_0933,data/mafw_sample/videos/09332.mp4,86.0,2.0,50.0,43.0,29.96477358600244,2.8700367033700367,43.0,True,
video_0934,data/mafw_sample/videos/15608.mp4,84.0,2.0,50.0,42.0,29.97,2.8028028028028027,42.0,True,
video_0935,data/mafw_sample/videos/08327.mp4,52.0,2.0,50.0,26.0,29.954158858296093,1.735985985985986,26.0,True,
video_0936,data/mafw_sample/videos/07060.mp4,60.0,2.0,50.0,30.0,29.95502248875562,2.0030030030030033,30.0,True,
video_0937,data/mafw_sample/videos/00708.mp4,17.0,2.0,15.0,8.0,23.94360570992187,0.7100016683350017,9.0,True,
video_0938,data/mafw_sample/videos/09105.mp4,348.0,7.0,50.0,49.0,29.97002997002997,11.611600000000001,31.0,True,
video_0939,data/mafw_sample/videos/00447.mp4,214.0,5.0,50.0,42.0,30.0,7.133333333333334,43.0,True,
video_0940,data/mafw_sample/videos/10405.mp4,60.0,2.0,50.0,30.0,25.0,2.4,30.0,True,
video_0941,data/mafw_sample/videos/05105.mp4,145.0,3.0,50.0,48.0,29.995959595959597,4.833984375,48.0,True,
video_0942,data/mafw_sample/videos/04340.mp4,106.0,3.0,50.0,35.0,30.0,3.533333333333333,36.0,True,
video_0943,data/mafw_sample/videos/02405.mp4,54.0,2.0,50.0,27.0,23.968010663112295,2.2530030030030033,27.0,True,
video_0944,data/mafw_sample/videos/05892.mp4,101.0,3.0,50.0,33.0,25.0,4.04,8.0,True,
video_0945,data/mafw_sample/videos/05054.mp4,67.0,2.0,50.0,33.0,29.97002997002997,2.2355666666666667,30.0,True,
video_0946,data/mafw_sample/videos/03269.mp4,68.0,2.0,50.0,34.0,23.968950308732726,2.837003670337004,33.0,True,
video_0947,data/mafw_sample/videos/08924.mp4,174.0,4.0,50.0,43.0,30.0,5.8,44.0,True,
video_0948,data/mafw_sample/videos/01527.mp4,,,,,,,,False,list index out of range
video_0949,data/mafw_sample/videos/01118.mp4,114.0,3.0,50.0,38.0,25.0,4.56,4.0,True,
video_0950,data/mafw_sample/videos/02828.mp4,,,,,,,,False,list index out of range
video_0951,data/mafw_sample/videos/01964.mp4,99.0,2.0,50.0,49.0,23.976023976023978,4.129124999999999,50.0,True,
video_0952,data/mafw_sample/videos/01770.mp4,53.0,2.0,50.0,26.0,23.976023976023978,2.2105416666666664,27.0,True,
video_0953,data/mafw_sample/videos/08796.mp4,261.0,6.0,50.0,43.0,30.0,8.7,24.0,True,
video_0954,data/mafw_sample/videos/07911.mp4,88.0,2.0,50.0,44.0,25.0,3.52,44.0,True,
video_0955,data/mafw_sample/videos/05898.mp4,394.0,8.0,50.0,49.0,23.974661313327683,16.434017350684016,50.0,True,
video_0956,data/mafw_sample/videos/20078.mp4,26.0,2.0,20.0,13.0,25.0,1.04,10.0,True,
video_0957,data/mafw_sample/videos/03801.mp4,53.0,2.0,50.0,26.0,25.0,2.12,27.0,True,
video_0958,data/mafw_sample/videos/09868.mp4,50.0,1.0,50.0,50.0,24.0,2.0833333333333335,16.0,True,
video_0959,data/mafw_sample/videos/09847.mp4,,,,,,,,False,list index out of range
video_0960,data/mafw_sample/videos/04978.mp4,99.0,2.0,50.0,49.0,30.0,3.3,50.0,True,
video_0961,data/mafw_sample/videos/02180.mp4,54.0,2.0,50.0,27.0,25.0,2.16,27.0,True,
video_0962,data/mafw_sample/videos/02387.mp4,58.0,2.0,50.0,29.0,23.976023976023978,2.419083333333333,25.0,True,
video_0963,data/mafw_sample/videos/08993.mp4,37.0,2.0,30.0,18.0,30.0,1.2333333333333334,19.0,True,
video_0964,data/mafw_sample/videos/08330.mp4,,,,,,,,False,list index out of range
video_0965,data/mafw_sample/videos/04035.mp4,135.0,3.0,50.0,45.0,25.0,5.4,1.0,True,
video_0966,data/mafw_sample/videos/08506.mp4,79.0,2.0,50.0,39.0,30.0,2.6333333333333333,33.0,True,
video_0967,data/mafw_sample/videos/02434.mp4,73.0,2.0,50.0,36.0,23.976023976023978,3.044708333333333,9.0,True,
video_0968,data/mafw_sample/videos/10341.mp4,81.0,2.0,50.0,40.0,25.0,3.24,37.0,True,
video_0969,data/mafw_sample/videos/07617.mp4,171.0,4.0,50.0,42.0,25.0,6.84,43.0,True,
video_0970,data/mafw_sample/videos/08058.mp4,74.0,2.0,50.0,37.0,30.0,2.466666666666667,37.0,True,
video_0971,data/mafw_sample/videos/02682.mp4,86.0,2.0,50.0,43.0,23.976023976023978,3.5869166666666663,37.0,True,
video_0972,data/mafw_sample/videos/15230.mp4,36.0,2.0,30.0,18.0,30.0,1.2,8.0,True,
video_0973,data/mafw_sample/videos/00975.mp4,52.0,2.0,50.0,26.0,23.976023976023978,2.168833333333333,26.0,True,
video_0974,data/mafw_sample/videos/08611.mp4,94.0,2.0,50.0,47.0,25.0,3.76,32.0,True,
video_0975,data/mafw_sample/videos/07227.mp4,179.0,4.0,50.0,44.0,29.968325791855204,5.972972972972973,24.0,True,
video_0976,data/mafw_sample/videos/08691.mp4,74.0,2.0,50.0,37.0,25.0,2.96,37.0,True,
video_0977,data/mafw_sample/videos/03049.mp4,65.0,2.0,50.0,32.0,25.0,2.6,33.0,True,
video_0978,data/mafw_sample/videos/08565.mp4,,,,,,,,False,list index out of range
video_0979,data/mafw_sample/videos/05344.mp4,243.0,5.0,50.0,48.0,29.97002997002997,8.1081,48.0,True,
video_0980,data/mafw_sample/videos/07384.mp4,192.0,4.0,50.0,48.0,25.0,7.68,47.0,True,
video_0981,data/mafw_sample/videos/08714.mp4,197.0,4.0,50.0,49.0,29.99851292270172,6.5669921875,50.0,True,
video_0982,data/mafw_sample/videos/00344.mp4,98.0,2.0,50.0,49.0,25.0,3.92,49.0,True,
video_0983,data/mafw_sample/videos/05689.mp4,111.0,3.0,50.0,37.0,29.97002997002997,3.7037,37.0,True,
video_0984,data/mafw_sample/videos/06886.mp4,76.0,2.0,50.0,38.0,29.96802841918295,2.536036036036036,38.0,True,
video_0985,data/mafw_sample/videos/15549.mp4,57.0,2.0,50.0,28.0,30.0,1.9,29.0,True,
video_0986,data/mafw_sample/videos/02629.mp4,,,,,,,,False,list index out of range
video_0987,data/mafw_sample/videos/02976.mp4,28.0,2.0,20.0,14.0,23.972575346379088,1.1680013346680014,14.0,True,
video_0988,data/mafw_sample/videos/04138.mp4,124.0,3.0,50.0,41.0,30.0,4.133333333333334,42.0,True,
video_0989,data/mafw_sample/videos/05640.mp4,500.0,10.0,50.0,50.0,25.0,20.0,50.0,True,
video_0990,data/mafw_sample/videos/03807.mp4,92.0,2.0,50.0,46.0,25.0,3.68,46.0,True,
video_0991,data/mafw_sample/videos/10219.mp4,48.0,2.0,40.0,24.0,23.976,2.002002002002002,18.0,True,
video_0992,data/mafw_sample/videos/04219.mp4,52.0,2.0,50.0,26.0,23.976023976023978,2.168833333333333,26.0,True,
video_0993,data/mafw_sample/videos/05529.mp4,415.0,9.0,50.0,46.0,29.97002997002997,13.847166666666666,46.0,True,
video_0994,data/mafw_sample/videos/09966.mp4,98.0,2.0,50.0,49.0,23.972575346379088,4.0880046713380045,49.0,True,
video_0995,data/mafw_sample/videos/01033.mp4,79.0,2.0,50.0,39.0,25.0,3.16,40.0,True,
video_0996,data/mafw_sample/videos/04967.mp4,106.0,3.0,50.0,35.0,29.97002997002997,3.5368666666666666,36.0,True,
video_0997,data/mafw_sample/videos/00490.mp4,144.0,3.0,50.0,48.0,30.0,4.8,47.0,True,
video_0998,data/mafw_sample/videos/00056.mp4,52.0,2.0,50.0,26.0,24.0,2.1666666666666665,26.0,True,
video_0999,data/mafw_sample/videos/10922.mp4,120.0,3.0,50.0,40.0,24.0,5.0,38.0,True,
